id,ticker_id,date_id,open,high,low,close,volume,vwap,daily_return_pct,sma_7,sma_30,ema_12,ema_26,macd,macd_signal,macd_histogram,rsi_14,bb_upper,bb_middle,bb_lower,volatility_7d,volume_zscore,is_outlier,target_next_close,ingested_at
5,1,20240515,186.4679,189.1868,185.932,188.264,70400000,,0,185.6939,,185.2068,184.138,1.0688,0.4591,0.6097,90.2408,,,,0.007225,,f,188.383,2026-05-11 03:09:19.738139
6,1,20240516,189.0082,189.6334,188.2044,188.383,52845200,,0,187.1611,,186.1089,184.7436,1.3653,0.7658,0.5995,90.5154,,,,0.004763,,f,188.4128,2026-05-11 03:09:19.738139
7,1,20240517,188.0556,189.3456,187.7281,188.4128,41282900,,0,188.0159,,186.7633,185.267,1.4963,1.021,0.4753,90.6035,,,,0.004574,,f,189.5738,2026-05-11 03:09:19.738139
8,1,20240520,187.877,190.4471,187.5594,189.5738,44361300,,0,188.7147,,187.5615,185.8814,1.6801,1.247,0.4331,93.66,,,,0.002291,,f,190.8738,2026-05-11 03:09:19.738139
9,1,20240521,189.6234,191.2509,189.4547,190.8738,42309400,,0,189.4434,,188.5023,186.5937,1.9086,1.471,0.4376,95.7304,,,,0.003168,,f,189.4349,2026-05-11 03:09:19.738139
10,1,20240522,190.7944,191.3402,188.8097,189.4349,34648500,,0,189.7397,,188.7672,186.999,1.7682,1.5897,0.1785,64.6293,192.9853,187.0335,181.0817,0.004788,-1.3926,f,185.4458,2026-05-11 03:09:19.738139
11,1,20240523,189.5143,189.5341,185.1977,185.4458,51005900,,0,188.7261,,187.8238,186.7774,1.0464,1.4463,-0.3999,29.3886,192.6762,187.2875,181.8988,0.008942,-0.017,f,188.522,2026-05-11 03:09:19.738139
12,1,20240524,187.3709,189.1174,186.5968,188.522,36327000,,0,188.2399,,188.0221,187.0263,0.9958,1.2887,-0.2929,54.7312,191.7547,187.9752,184.1957,0.011216,-1.0671,f,188.5319,2026-05-11 03:09:19.738139
13,1,20240528,190.0402,191.5188,187.6487,188.5319,52280100,,0,187.7763,,188.1669,187.2411,0.9258,1.164,-0.2382,54.8007,191.4631,188.3433,185.2235,0.010923,0.4433,f,188.8296,2026-05-11 03:09:19.738139
14,1,20240529,188.1548,190.7746,188.0556,188.8296,53068000,,0,188.1733,,188.3551,187.4677,0.8874,1.068,-0.1806,57.4182,191.3038,188.6272,185.9506,0.006195,0.5126,f,189.8219,2026-05-11 03:09:19.738139
15,1,20240530,189.296,190.7051,189.167,189.8219,49889100,,0,188.9841,187.4324,188.7717,187.8036,0.9681,1.0274,-0.0593,66.124,191.5411,188.7829,186.0247,0.001972,0.6026,f,190.7745,2026-05-11 03:09:19.738139
16,1,20240531,189.9708,191.0921,188.4525,190.7746,75158300,,0.0001,189.6263,187.957,189.3406,188.2274,1.1132,1.0491,0.0641,73.1427,192.017,189.0221,186.0272,0.002423,2.4141,f,192.5409,2026-05-11 03:09:19.738139
17,1,20240603,191.4195,193.4935,191.0425,192.5409,50080500,,0,190.7292,188.6834,190.2495,188.8428,1.4067,1.1585,0.2482,82.2303,193.0831,189.4349,185.7867,0.003742,0.1061,f,192.8584,2026-05-11 03:09:19.738139
18,1,20240604,193.1462,193.821,191.5486,192.8584,47471400,,0,191.7385,189.2173,190.9905,189.4156,1.5749,1.2982,0.2767,83.5614,193.9802,189.7634,185.5466,0.003591,-0.1606,f,194.3668,2026-05-11 03:09:19.738139
19,1,20240605,193.9004,195.3889,193.3744,194.3668,54156800,,0,192.901,189.7756,191.9495,190.122,1.8275,1.4727,0.3548,88.8463,195.1794,190.1127,185.046,0.004072,0.3494,f,192.9874,2026-05-11 03:09:19.738139
20,1,20240606,194.1881,194.9919,192.6798,192.9874,41181800,,0,193.2809,190.0905,192.2443,190.5308,1.7135,1.5692,0.1443,63.8532,195.7995,190.4679,185.1363,0.004348,-1.0009,f,195.3789,2026-05-11 03:09:19.738139
21,1,20240607,193.1561,195.4286,192.6501,195.379,53103900,,0.0001,194.0464,190.5569,193.1346,191.2224,1.9122,1.6806,0.2316,78.0842,196.3405,191.4612,186.5819,0.006331,0.1852,f,191.6379,2026-05-11 03:09:19.738139
22,1,20240610,195.3889,195.7858,190.6753,191.6379,97010200,,0,193.4822,190.7719,192.7095,191.2817,1.4278,1.6253,-0.1975,42.9054,196.2196,191.7728,187.326,0.009515,2.4805,f,205.5602,2026-05-11 03:09:19.738139
23,1,20240611,192.1638,205.5701,192.144,205.5602,172373300,,0,196.8774,191.8377,196.3594,193.3187,3.0407,2.0239,1.0168,82.3355,202.5961,193.4757,184.3553,0.029376,2.6652,t,211.4348,2026-05-11 03:09:19.738139
24,1,20240612,205.7785,218.51,205.3121,211.4348,198134300,,0,201.8064,193.2084,200.6412,195.9031,4.7381,2.8858,1.8523,87.2731,209.4613,195.7362,182.0111,0.030273,2.0897,f,212.5958,2026-05-11 03:09:19.738139
25,1,20240613,213.0919,215.0865,209.976,212.5958,97862700,,0,207.2599,194.7525,204.0366,198.2845,5.7521,3.8518,1.9003,88.145,214.4907,198.0136,181.5365,0.027379,0.172,f,210.8592,2026-05-11 03:09:19.738139
26,1,20240614,212.2088,213.5186,209.6784,210.8592,70122700,,0,210.7628,196.4467,205.9744,200.0785,5.8959,4.5836,1.3123,77.5631,217.398,200.022,182.646,0.011675,-0.3358,f,215.0071,2026-05-11 03:09:19.738139
27,1,20240617,211.7324,217.2696,211.0874,215.0071,93728300,,0,212.6227,198.2124,208.5399,202.2082,6.3317,5.1886,1.1431,83.7621,221.0212,202.2687,183.5162,0.008589,0.0233,f,212.6454,2026-05-11 03:09:19.738139
28,1,20240618,215.9201,216.9521,211.3653,212.6454,79943300,,0,212.8027,199.8199,209.7059,203.6972,6.0087,5.5129,0.4958,69.2572,222.7737,204.2474,185.7211,0.009784,-0.3161,f,208.0708,2026-05-11 03:09:19.738139
29,1,20240620,212.2882,212.5958,207.2472,208.0708,86172500,,0,211.758,201.1027,209.2415,204.3211,4.9204,5.3816,-0.4612,47.8768,222.9488,205.6178,188.2868,0.012563,-0.2655,f,205.8976,2026-05-11 03:09:19.738139
30,1,20240621,208.7754,210.2638,205.5205,205.8976,241805100,,0,209.7478,202.1744,208.2918,204.546,3.7458,4.8797,-1.1339,40.0558,221.9491,206.9088,191.8685,0.008457,2.0201,f,206.5426,2026-05-11 03:09:19.738139
31,1,20240624,206.1258,211.0676,205.0045,206.5426,80727000,,0,207.6668,203.2256,207.795,204.8309,2.9641,4.2484,-1.2843,43.6905,220.8722,208.0251,195.178,0.008785,-0.7059,f,207.4655,2026-05-11 03:09:19.738139
32,1,20240625,207.5448,209.7577,207.009,207.4655,55549700,,0,206.8403,204.2206,207.7014,205.2067,2.4947,3.6529,-1.1582,49.5213,216.0547,209.6079,203.1611,0.004791,-1.0123,f,211.6134,2026-05-11 03:09:19.738139
33,1,20240626,209.8768,213.211,209.0234,211.6134,66213200,,0,208.1629,205.4709,208.8125,206.1207,2.6918,3.2957,-0.6039,68.8326,216.1135,210.2132,204.3129,0.007311,-0.6796,f,212.4569,2026-05-11 03:09:19.738139
34,1,20240627,213.0423,214.0843,210.7203,212.4569,49772700,,0,209.9449,206.6769,209.8476,207.0246,2.823,3.1191,-0.2961,71.7578,216.3371,210.3154,204.2937,0.007303,-0.7951,f,209.0036,2026-05-11 03:09:19.738139
35,1,20240628,214.114,214.4117,208.686,209.0036,82542700,,0,210.5162,207.7446,209.6079,207.307,2.3009,2.8639,-0.563,47.4726,215.8087,209.9562,204.1037,0.010577,-0.152,f,215.0865,2026-05-11 03:09:19.738139
36,1,20240701,210.4623,215.8407,210.2936,215.0865,60402900,,0,212.1011,209.0585,211.1639,208.4168,2.7471,2.7931,-0.046,70.7153,217.0301,210.3789,203.7277,0.013458,-0.5437,f,218.5795,2026-05-11 03:09:19.738139
37,1,20240702,214.4911,218.6887,213.4492,218.5795,58046200,,0,213.9709,210.8546,213.2701,209.8666,3.4035,2.9699,0.4336,78.1177,218.6733,210.7362,202.7991,0.014457,-0.5132,f,219.8497,2026-05-11 03:09:19.738139
38,1,20240703,218.3116,219.8497,217.349,219.8497,37369800,,0,216.5764,211.8072,215.1389,211.2908,3.8481,3.2586,0.5895,80.5037,221.1648,211.4566,201.7484,0.011334,-0.7842,f,224.6029,2026-05-11 03:09:19.738139
39,1,20240705,219.9489,224.7121,219.9489,224.6029,60412400,,0,220.1644,212.6851,217.8269,213.1899,4.637,3.7038,0.9332,87.3665,225.3851,213.1098,200.8345,0.00906,-0.3306,f,226.0716,2026-05-11 03:09:19.738139
40,1,20240708,225.3472,226.1013,221.5366,226.0716,59085900,,0,222.804,213.5835,220.1686,215.0276,5.141,4.1908,0.9502,88.9645,228.6322,215.1272,201.6222,0.007949,-0.1481,f,226.9249,2026-05-11 03:09:19.738139
41,1,20240709,226.1807,227.6394,224.6327,226.9249,48076100,,0,225.0069,214.6545,222.0875,216.7249,5.3626,4.6025,0.7601,89.948,231.0387,217.1654,203.2921,0.007945,-0.8333,f,231.1919,2026-05-11 03:09:19.738139
42,1,20240710,227.5402,231.2912,227.4906,231.192,62627700,,0,227.5685,215.7335,224.6734,218.7888,5.8846,5.0332,0.8514,93.6913,234.0979,219.5381,204.9783,0.006946,0.3576,f,225.8235,2026-05-11 03:09:19.738139
43,1,20240711,229.6142,230.6065,224.0373,225.8235,64710600,,0,227.7075,216.6121,225.0001,219.7924,5.2077,5.1492,0.0585,57.7004,234.8759,220.9591,207.0423,0.012295,0.5535,f,228.7707,2026-05-11 03:09:19.738139
44,1,20240712,227.1631,230.8546,226.925,228.7707,53046500,,0,228.3567,217.9921,226.071,221.0732,4.9978,5.1147,-0.1169,66.9732,235.9219,222.5905,209.2591,0.013244,-0.4916,f,232.6011,2026-05-11 03:09:19.738139
45,1,20240715,234.6651,235.4093,231.3011,232.6011,62631300,,0,229.3689,219.7723,227.9257,222.7178,5.2079,5.1387,0.0692,76.0557,235.8473,224.9502,214.0531,0.012804,0.7351,f,233.0178,2026-05-11 03:09:19.738139
46,1,20240716,233.1965,234.4567,230.547,233.0179,43234300,,0,230.6575,221.5373,229.372,224.1872,5.1848,5.1623,0.0225,76.9732,236.3167,226.7434,217.1701,0.007204,-1.301,f,227.1234,2026-05-11 03:09:19.738139
47,1,20240717,227.6891,229.6836,224.9006,227.1234,57345900,,0,230.6079,222.8478,228.7333,224.6061,4.1272,4.8687,-0.7415,44.7158,235.3807,227.5978,219.8149,0.012362,0.278,f,222.4595,2026-05-11 03:09:19.738139
48,1,20240718,228.5127,228.6715,220.5642,222.4595,66034600,,0,228.2575,223.5709,226.9514,224.2999,2.6515,4.1776,-1.5261,31.0212,234.6503,227.8587,221.0671,0.011458,1.1459,f,222.5885,2026-05-11 03:09:19.738139
49,1,20240719,223.0946,225.0594,221.5664,222.5885,49151500,,0,225.3372,224.2463,225.7123,224.0557,1.6566,3.3421,-1.6855,31.7905,234.9502,227.6573,220.3644,0.011324,-0.975,f,222.2412,2026-05-11 03:09:19.738139
50,1,20240722,225.2678,226.0319,221.3779,222.2412,48201800,,0,223.1003,225.1289,224.7264,223.7969,0.9295,2.526,-1.5965,30.5686,235.2656,227.2743,219.283,0.007728,-0.9145,f,223.2831,2026-05-11 03:09:19.738139
51,1,20240723,222.6481,225.1983,220.971,223.2831,39960300,,0,222.6693,225.6753,224.3165,223.7236,0.5929,1.8545,-1.2616,39.809,235.2742,226.9101,218.546,0.001949,-1.6199,f,216.8628,2026-05-11 03:09:19.738139
52,1,20240724,222.2809,223.0748,215.4636,216.8628,61777600,,0,221.0518,225.5608,222.1994,222.7448,-0.5454,1.0705,-1.6159,19.0306,235.2802,225.4772,215.6742,0.011235,0.7946,f,215.8208,2026-05-11 03:09:19.738139
53,1,20240725,217.2498,219.1551,212.9729,215.8208,51391200,,0,219.1678,225.2923,220.3878,221.757,-1.3692,0.2491,-1.6183,17.1018,235.9266,224.4769,213.0272,0.011201,-0.2257,f,216.2872,2026-05-11 03:09:19.738139
54,1,20240726,217.0215,217.8055,214.3522,216.2872,41601300,,0,217.3178,224.7379,219.2231,220.9767,-1.7536,-0.4465,-1.3071,21.8235,235.2706,223.2285,211.1864,0.010907,-1.1572,f,216.5651,2026-05-11 03:09:19.738139
55,1,20240729,215.2949,217.617,214.0942,216.5651,36311800,,0,216.3156,224.1041,218.4682,220.3473,-1.8791,-0.9553,-0.9238,25.203,232.3902,221.6249,210.8596,0.002204,-1.3881,f,217.1208,2026-05-11 03:09:19.738139
56,1,20240730,217.5078,218.639,214.4613,217.1208,41643800,,0,216.5381,223.4505,218.0855,219.887,-1.8015,-1.2673,-0.5342,32.9227,227.7256,220.0352,212.3448,0.001136,-0.7999,f,220.3756,2026-05-11 03:09:19.738139
57,1,20240731,219.7405,222.1023,218.9368,220.3756,50036300,,0,217.7729,222.7294,218.7359,219.9567,-1.2208,-1.2929,0.0721,62.8344,225.3704,219.3605,213.3506,0.005511,0.1543,f,216.6842,2026-05-11 03:09:19.738139
58,1,20240801,222.648,222.7572,215.3544,216.6842,62501000,,0,217.8466,222.1201,218.1532,219.4899,-1.3367,-1.3018,-0.0349,37.5505,224.5869,218.7829,212.9789,0.009236,1.6604,f,218.1727,2026-05-11 03:09:19.738139
59,1,20240802,217.4681,223.8686,216.0392,218.1727,105568600,,0,218.2265,221.4136,218.1587,219.302,-1.1433,-1.2596,0.1163,48.6445,223.5303,218.3414,213.1525,0.009563,2.6308,f,207.6639,2026-05-11 03:09:19.738139
60,1,20240805,197.5621,211.8615,194.4958,207.6639,119548600,,0,215.0596,219.7511,215.178,217.6417,-2.4637,-1.6022,-0.8615,18.2204,224.6022,216.8836,209.165,0.019002,2.0919,f,205.6396,2026-05-11 03:09:19.738139
61,1,20240806,203.7244,208.3784,199.5269,205.6396,69660500,,0,211.3767,217.9259,212.4688,215.9294,-3.4606,-2.2043,-1.2563,15.7019,224.2,215.1193,206.0386,0.018664,0.2088,f,208.2097,2026-05-11 03:09:19.738139
62,1,20240807,205.3121,212.0004,204.806,208.2097,63516400,,0,208.7427,216.665,211.2591,214.8281,-3.569,-2.6916,-0.8774,31.6677,224.16,214.254,204.348,0.019479,-0.0244,f,211.6729,2026-05-11 03:09:19.738139
63,1,20240808,211.4745,212.5561,207.2273,211.6729,47161100,,0,208.3869,215.9459,211.3767,214.378,-3.0013,-2.8463,-0.155,48.9973,223.7979,213.8392,203.8805,0.00889,-0.6072,f,214.5804,2026-05-11 03:09:19.738139
64,1,20240809,210.4722,215.1163,210.3432,214.5804,42201600,,0,210.6522,215.412,212.2866,214.4069,-2.1203,-2.6495,0.5292,60.2618,223.5052,213.6685,203.8318,0.007735,-0.7924,f,216.1104,2026-05-11 03:09:19.738139
65,1,20240812,214.6599,218.0775,214.193,216.1104,38028100,,0,213.2767,215.0033,213.3726,214.6499,-1.2773,-2.2164,0.9391,65.5867,223.4072,213.623,203.8388,0.007249,-0.9579,f,219.826,2026-05-11 03:09:19.738139
66,1,20240813,217.5807,220.4419,217.5807,219.826,44155300,,0,216.1009,214.7728,215.2056,215.3883,-0.1827,-1.5619,1.3792,75.9892,224.212,213.8935,203.575,0.007396,-0.7468,f,220.2731,2026-05-11 03:09:19.738139
67,1,20240814,219.1306,221.5745,218.2662,220.273,41960600,,0,218.1428,215.0002,216.6448,216.0852,0.5596,-0.8501,1.4097,77.0974,224.1748,213.8833,203.5918,0.006472,-0.7822,f,223.2535,2026-05-11 03:09:19.738139
68,1,20240815,223.1343,223.8794,221.3063,223.2535,46414000,,0,220.4022,215.4957,218.5219,217.1078,1.4141,-0.094,1.5081,83.7564,226.2775,214.5402,202.8029,0.007411,-0.5513,f,224.5748,2026-05-11 03:09:19.738139
69,1,20240816,222.4587,225.3497,222.1905,224.5748,44340200,,0,222.2898,216.0482,220.241,218.1731,2.0679,0.6402,1.4277,86.1356,228.3288,215.1804,202.032,0.005104,-0.4748,f,224.4158,2026-05-11 03:09:19.738139
70,1,20240819,224.2469,224.5152,221.5844,224.4158,40687800,,0,223.5373,216.5716,221.4268,219.0637,2.3631,1.242,1.1211,84.1606,230.0157,216.8556,203.6955,0.005298,-0.7073,f,225.0318,2026-05-11 03:09:19.738139
71,1,20240820,224.2966,225.6875,223.9787,225.0318,30299000,,0,224.4712,217.099,222.4507,219.9151,2.5356,1.6981,0.8375,85.8357,230.3071,218.7948,207.2825,0.002381,-1.6562,f,224.9225,2026-05-11 03:09:19.738139
72,1,20240821,225.0417,226.4922,223.5813,224.9225,34765500,,0,224.7593,217.4021,223.1527,220.6295,2.5232,1.9986,0.5246,83.7436,229.9215,220.4661,211.0107,0.001149,-1.2082,f,223.0647,2026-05-11 03:09:19.738139
73,1,20240822,226.3034,226.8498,222.4388,223.0647,43695300,,0,224.3505,217.8275,223.1277,220.9769,2.1508,2.082,0.0688,53.9737,228.9693,221.6053,214.2413,0.003436,0.6302,f,225.3596,2026-05-11 03:09:19.738139
74,1,20240823,224.1873,226.7306,222.866,225.3596,38677300,,0,224.5322,218.3066,223.7616,221.6021,2.1595,2.1115,0.048,70.9547,228.5562,222.6832,216.8102,0.005385,-0.3366,f,225.6974,2026-05-11 03:09:19.738139
75,1,20240826,225.2802,225.7968,222.4289,225.6974,30602200,,0,224.738,219.5088,224.3114,222.1864,2.125,2.121,0.004,72.9131,227.6739,223.6419,219.6099,0.005393,-1.5813,f,226.5419,2026-05-11 03:09:19.738139
76,1,20240827,224.5251,227.3565,223.4224,226.5419,35934600,,0,225.4661,220.9023,224.9449,222.8077,2.1372,2.1282,0.009,77.8778,227.744,224.3135,220.883,0.003822,-0.5072,f,225.0119,2026-05-11 03:09:19.738139
77,1,20240828,226.4326,228.3599,224.2072,225.0119,38052200,,0,225.6946,222.0224,224.964,223.1222,1.8418,2.0479,-0.2061,54.003,226.8256,224.7874,222.7492,0.003202,-0.0544,f,228.2904,2026-05-11 03:09:19.738139
78,1,20240829,228.5984,231.4,227.3863,228.2904,51906300,,0,226.4837,223.1303,225.9087,223.8595,2.0492,2.0358,0.0134,75.4629,227.9859,225.2911,222.5963,0.006491,2.0191,f,227.5055,2026-05-11 03:09:19.738139
79,1,20240830,228.6878,228.8964,225.9954,227.5055,52990800,,0,226.8796,223.992,226.3623,224.3796,1.9827,2.0234,-0.0407,65.6937,228.5421,225.5842,222.6263,0.006671,1.7294,f,221.3162,2026-05-11 03:09:19.738139
80,1,20240903,227.0585,227.5056,219.7267,221.3162,50190600,,0,225.6052,224.339,224.9291,223.9426,0.9865,1.7216,-0.7351,27.8471,229.2035,225.2742,221.3449,0.012432,1.1417,f,219.4087,2026-05-11 03:09:19.738139
81,1,20240904,220.2134,220.3326,216.0607,219.4087,43840200,,0,223.5359,224.3112,223.3611,223.2958,0.0653,1.1906,-1.1253,22.523,230.0569,224.7119,219.3669,0.01005,0.2359,f,220.9287,2026-05-11 03:09:19.738139
82,1,20240905,220.1836,224.0085,220.0744,220.9287,36615400,,0,221.5447,224.3549,222.6703,222.9581,-0.2878,0.683,-0.9708,35.588,230.1353,224.3125,218.4897,0.011129,-0.7661,f,219.3789,2026-05-11 03:09:19.738139
83,1,20240906,222.4885,223.7701,218.3358,219.3789,48423000,,0,220.107,224.0966,221.7354,222.4475,-0.7121,0.2101,-0.9222,28.959,230.4957,223.9439,217.3921,0.005175,0.7506,f,219.4683,2026-05-11 03:09:19.738139
84,1,20240909,219.3789,219.826,215.2958,219.4684,67180000,,0,219.8515,223.7562,221.0915,222.0225,-0.931,-0.1862,-0.7448,29.9622,230.3587,223.3548,216.3509,0.004028,2.0569,f,218.6736,2026-05-11 03:09:19.738139
85,1,20240910,217.4913,220.0346,215.3156,218.6735,51591000,,0,219.4243,223.3733,220.4048,221.5447,-1.1399,-0.5159,-0.624,25.6755,229.9937,222.6524,215.3111,0.002815,0.4227,f,221.2069,2026-05-11 03:09:19.738139
86,1,20240911,220.0148,221.6341,216.468,221.2069,44587100,,0,219.7252,223.1183,220.6326,221.4965,-0.8639,-0.6616,-0.2023,53.7511,228.9895,222.1189,215.2483,0.004787,-0.4668,f,221.3162,2026-05-11 03:09:19.738139
87,1,20240912,221.048,222.0911,218.3855,221.3162,37455600,,0,220.266,222.8779,220.8268,221.4708,-0.644,-0.6715,0.0275,54.7333,228.3355,221.7493,215.1631,0.004785,-1.2902,f,221.0479,2026-05-11 03:09:19.738139
88,1,20240913,222.1209,222.5779,220.4618,221.048,36766600,,0,220.8308,222.7435,220.8896,221.4105,-0.5209,-0.6265,0.1056,51.1825,225.8585,221.0251,216.1917,0.004455,-1.1141,f,214.9083,2026-05-11 03:09:19.738139
89,1,20240916,215.1269,215.8024,212.524,214.9083,59357400,,0,219.3931,222.0467,219.1908,220.4829,-1.2921,-0.8129,-0.4792,17.1914,223.6062,219.7654,215.9246,0.010466,1.2018,f,215.3752,2026-05-11 03:09:19.738139
90,1,20240917,214.342,215.4845,213.1002,215.3752,45519300,,0,217.7113,221.3586,218.107,219.7542,-1.6472,-1.0898,-0.5574,22.4086,223.6844,219.1713,214.6582,0.010606,-0.1654,f,219.2498,2026-05-11 03:09:19.738139
91,1,20240918,216.1303,221.2566,216.1203,219.2498,59894900,,0,217.1592,220.8724,218.4316,219.6822,-1.2506,-1.177,-0.0736,54.2522,223.666,219.1554,214.6448,0.013488,1.071,f,227.3764,2026-05-11 03:09:19.738139
92,1,20240919,223.5217,228.3202,223.1641,227.3764,66781300,,0,219.8444,221.0301,220.9721,220.7799,0.1922,-0.786,0.9782,78.6824,226.5624,219.8002,213.038,0.014343,1.3849,f,226.7108,2026-05-11 03:09:19.738139
93,1,20240920,228.4692,231.5688,226.1345,226.7107,318679900,,0,223.1499,220.9248,222.602,221.626,0.976,-0.2061,1.1821,74.352,228.5018,220.5333,212.5648,0.01482,2.8991,f,224.992,2026-05-11 03:09:19.738139
94,1,20240923,225.8564,227.9526,224.3363,224.992,54146000,,0,225.344,220.7572,223.2808,222.1062,1.1746,0.2781,0.8965,62.5242,229.4586,221.0857,212.7128,0.01494,-0.281,f,225.8862,2026-05-11 03:09:19.738139
95,1,20240924,227.1578,227.8533,224.2569,225.8862,43556100,,0,226.0792,221.0619,224.0208,222.6455,1.3753,0.6603,0.715,66.2438,230.477,221.807,213.137,0.003553,-0.3974,f,224.8927,2026-05-11 03:09:19.738139
96,1,20240925,223.4621,225.8067,222.558,224.8927,42308700,,0,225.4646,221.4275,224.2685,222.9661,1.3024,0.898,0.4044,57.7633,231.033,222.1756,213.3182,0.00373,-0.4092,f,226.0352,2026-05-11 03:09:19.738139
97,1,20240926,225.8166,227.0088,223.939,226.0352,36636700,,0,225.5172,221.7679,224.7703,223.4039,1.3664,1.0635,0.3029,64.6851,231.784,222.6474,213.5108,0.003105,-0.4759,f,226.3034,2026-05-11 03:09:19.738139
98,1,20240927,226.9691,228.0221,225.8166,226.3034,34026000,,0,225.7641,222.2295,225.2057,223.8175,1.3882,1.1803,0.2079,66.4058,232.4932,223.173,213.8528,0.002771,-0.5031,f,231.4794,2026-05-11 03:09:19.738139
99,1,20240930,228.5387,231.4794,228.1513,231.4794,54541900,,0,227.5041,223.0303,226.9876,224.9106,2.077,1.4565,0.6205,85.0818,233.5246,224.8301,216.1356,0.008456,-0.2516,f,224.7337,2026-05-11 03:09:19.738139
100,1,20241001,228.0222,228.1513,222.2799,224.7338,63285000,,0,227.2955,223.4343,226.3474,224.8854,1.462,1.5035,-0.0415,43.3079,231.6201,225.766,219.9119,0.015111,-0.1694,f,225.3,2026-05-11 03:09:19.738139
101,1,20241002,224.4158,225.8861,221.5645,225.3,32880600,,0,227.0471,223.7072,226.0499,224.9445,1.1054,1.3865,-0.2811,46.2566,230.2366,226.371,222.5054,0.015148,-0.4962,f,224.1973,2026-05-11 03:09:19.738139
102,1,20241003,223.6707,225.3298,221.8626,224.1973,34044200,,0,225.7059,223.8992,225.5237,224.8379,0.6858,1.1647,-0.4789,40.7596,230.0632,226.0531,222.043,0.011088,-0.4388,f,225.3199,2026-05-11 03:09:19.738139
103,1,20241004,226.4127,226.5121,222.6673,225.3199,37245100,,0,224.9097,224.184,225.4659,224.9067,0.5592,0.9562,-0.397,48.9778,229.9195,225.914,221.9085,0.003011,-0.5853,f,220.2432,2026-05-11 03:09:19.738139
104,1,20241007,223.0349,224.2172,219.8856,220.2433,39505400,,0,223.5458,224.5397,223.9825,224.2414,-0.2589,0.5764,-0.8353,26.6882,230.7566,225.4391,220.1216,0.00899,-0.2387,f,224.2966,2026-05-11 03:09:19.738139
105,1,20241008,222.8362,224.5053,221.7931,224.2966,31855700,,0,223.4167,225.1344,224.0717,224.2493,-0.1776,0.299,-0.4766,50.5907,230.6314,225.2802,219.929,0.012051,-0.8721,f,228.042,2026-05-11 03:09:19.738139
106,1,20241009,223.7602,228.2507,223.3628,228.042,33591100,,0,224.3548,225.7206,225.1994,224.7903,0.4091,0.2976,0.1115,64.7354,231.1957,225.5951,219.9945,0.013556,-0.6009,f,227.5453,2026-05-11 03:09:19.738139
107,1,20241010,226.2935,228.0023,225.6875,227.5453,28183500,,0,225.7159,225.7318,225.8657,225.1834,0.6823,0.4174,0.2649,61.6208,231.4724,225.7461,220.0198,0.008826,-0.989,f,226.065,2026-05-11 03:09:19.738139
108,1,20241011,227.8036,227.9129,225.8564,226.065,31759200,,0,226.8002,225.6888,225.9223,225.3091,0.6132,0.4934,0.1198,51.7429,231.4407,225.7223,220.0039,0.007266,-0.6311,f,229.7905,2026-05-11 03:09:19.738139
109,1,20241014,227.2075,230.2177,227.1082,229.7905,39882100,,0,227.8348,226.0087,227.021,225.9485,1.0725,0.6705,0.402,68.6054,230.6123,225.5534,220.4945,0.007188,0.2772,f,232.3239,2026-05-11 03:09:19.738139
110,1,20241015,232.0854,235.9401,230.8535,232.3239,64751400,,0,229.1292,226.4379,228.5271,226.858,1.6691,0.9895,0.6796,76.1504,232.8074,226.3124,219.8174,0.007879,2.7347,f,230.2674,2026-05-11 03:09:19.738139
111,1,20241016,230.0886,230.6052,228.34,230.2674,34082200,,0,230.1184,226.7962,229.0214,227.3444,1.677,1.2382,0.4388,60.4497,233.6867,226.8091,219.9315,0.008384,-0.3421,f,230.635,2026-05-11 03:09:19.738139
112,1,20241017,231.9066,232.3239,229.0156,230.635,32993800,,0,230.8919,227.1028,229.4797,227.8138,1.6659,1.3947,0.2712,62.2996,234.4419,227.4529,220.4639,0.00578,-0.4389,f,233.4664,2026-05-11 03:09:19.738139
113,1,20241018,234.6387,234.6387,232.4828,233.4664,46431500,,0,231.5802,227.5804,230.612,228.6202,1.9918,1.5886,0.4032,74.5204,235.9722,228.2675,220.5628,0.006165,0.7827,f,234.9367,2026-05-11 03:09:19.738139
114,1,20241021,232.92,235.3043,232.92,234.9367,36254500,,0,232.6205,227.8109,231.8403,229.5213,2.319,1.8308,0.4882,79.1851,236.2091,229.7369,223.2647,0.00474,-0.1659,f,234.3208,2026-05-11 03:09:19.738139
115,1,20241022,232.3636,234.6784,231.0821,234.3208,38846600,,0,233.7261,228.45,232.5448,230.206,2.3388,2.0147,0.3241,71.8492,236.574,230.7393,224.9046,0.005178,0.0166,f,229.254,2026-05-11 03:09:19.738139
116,1,20241023,232.5524,233.6055,226.2736,229.254,52287000,,0,232.9271,228.7136,231.6102,230.0702,1.54,1.9019,-0.3619,35.6627,236.5038,230.8605,225.2172,0.008833,1.0866,f,229.0653,2026-05-11 03:09:19.738139
117,1,20241024,228.4791,229.3137,226.9194,229.0653,31109500,,0,231.4596,229.0381,230.8874,229.9269,0.9605,1.605,-0.6445,34.7938,236.3491,231.0125,225.6759,0.008014,-0.928,f,229.8998,2026-05-11 03:09:19.738139
118,1,20241025,228.2407,231.698,228.0718,229.8998,38802300,,0,230.1084,229.3435,230.6069,229.923,0.6839,1.2936,-0.6097,42.9741,235.6475,231.396,227.1445,0.008476,-0.2726,f,231.8768,2026-05-11 03:09:19.738139
119,1,20241028,231.7974,233.1982,231.0324,231.8768,36087100,,0,230.134,230.119,230.9676,230.2017,0.7659,1.0986,-0.3327,59.1415,235.716,231.6046,227.4932,0.003398,-0.4982,f,232.145,2026-05-11 03:09:19.738139
120,1,20241029,231.5788,232.8008,230.8039,232.1451,35417200,,0,230.9869,230.6423,231.302,230.479,0.823,0.9962,-0.1732,61.1325,235.6864,231.5867,227.487,0.003238,-0.4465,f,228.5984,2026-05-11 03:09:19.738139
121,1,20241030,231.092,231.9464,228.0519,228.5984,47070900,,0,230.7343,230.6794,230.5341,230.2107,0.3234,0.7897,-0.4663,32.9096,235.8602,231.4198,226.9794,0.007122,1.1323,f,224.4357,2026-05-11 03:09:19.738139
122,1,20241031,227.8433,228.3301,223.8992,224.4357,64370100,,0,228.8907,230.472,228.802,229.3868,-0.5848,0.3585,-0.9433,19.1179,236.9949,230.7999,224.6049,0.008337,2.2332,f,221.4553,2026-05-11 03:09:19.738139
123,1,20241101,219.5279,223.8794,218.8325,221.4553,65276700,,0,225.8748,230.1647,226.7154,228.2553,-1.5399,-0.2589,-1.281,13.6608,237.7276,229.5988,221.47,0.008455,1.7329,f,220.5611,2026-05-11 03:09:19.738139
124,1,20241104,219.5478,221.3361,218.2762,220.5611,44944500,,0,223.0718,229.5494,224.9674,227.1576,-2.1902,-0.9104,-1.2798,12.2626,237.0926,228.1612,219.2298,0.007571,-0.041,f,221.9917,2026-05-11 03:09:19.738139
125,1,20241105,220.3525,222.4885,219.6968,221.9917,28111300,,0,221.7788,228.8606,224.1222,226.4207,-2.2985,-1.4048,-0.8937,27.9663,235.4969,226.9283,218.3597,0.006027,-1.2805,f,221.2665,2026-05-11 03:09:19.738139
126,1,20241106,221.1572,224.5947,219.7465,221.2665,54561100,,0,221.2991,228.2606,223.3111,225.6854,-2.3743,-1.7509,-0.6234,24.9522,235.1825,226.1296,217.0767,0.00339,0.7773,f,225.9955,2026-05-11 03:09:19.738139
127,1,20241107,223.1641,226.3929,223.1045,225.9955,42137700,,0,222.7241,227.9513,224.0736,225.7296,-1.656,-1.7693,0.1133,61.2295,234.6508,225.8226,216.9944,0.008398,-0.2937,f,225.7269,2026-05-11 03:09:19.738139
1,1,20240509,180.9135,182.9946,180.4676,182.9054,48983000,,0,,,182.9054,182.9054,0,0,0,,,,,,,f,181.6452,2026-05-11 03:09:19.738139
2,1,20240510,183.481,183.6695,180.7322,181.6452,50759500,,0,,,182.5475,182.7256,-0.1781,-0.0517,-0.1264,0,,,,,,f,184.8504,2026-05-11 03:09:19.738139
3,1,20240513,184.0168,185.6641,183.2031,184.8504,72044800,,0,,,183.2016,183.0287,0.1729,0.0045,0.1684,77.2012,,,,,,f,185.9915,2026-05-11 03:09:19.738139
4,1,20240514,186.0709,186.8549,184.8603,185.9915,52393600,,0,183.9828,,183.994,183.4514,0.5426,0.1726,0.37,83.3088,,,,0.007703,,f,188.264,2026-05-11 03:09:19.738139
128,1,20241108,225.9358,227.4177,225.1799,225.7269,38328800,,0,223.9956,227.4353,224.5432,225.7292,-1.186,-1.5938,0.4078,59.0703,233.7843,225.4053,217.0263,0.008446,-0.6042,f,223.0117,2026-05-11 03:09:19.738139
129,1,20241111,223.7776,224.4738,220.2966,223.0118,42005600,,0,224.3907,226.6403,224.1082,225.3415,-1.2333,-1.4619,0.2286,40.0593,231.7075,224.5188,217.3301,0.009945,-0.3597,f,223.0117,2026-05-11 03:09:19.738139
130,1,20241112,223.33,224.3644,222.1465,223.0118,40398300,,0,224.2138,225.8864,223.7968,225.0092,-1.2124,-1.3748,0.1624,40.0597,228.5686,223.6055,218.6424,0.004493,-0.5578,f,223.8969,2026-05-11 03:09:19.738139
131,1,20241113,222.7929,225.4186,221.5497,223.8969,48566200,,0,223.6525,225.5292,223.8252,224.8505,-1.0253,-1.2633,0.238,49.4584,226.7741,223.1353,219.4965,0.005019,0.1495,f,226.9801,2026-05-11 03:09:19.738139
132,1,20241114,223.7975,227.6265,223.7776,226.9801,44923900,,0,224.3985,225.3902,224.7213,225.1543,-0.433,-1.0067,0.5737,70.7378,227.6887,223.3898,219.0909,0.005171,-0.0002,f,223.7776,2026-05-11 03:09:19.738139
133,1,20241115,225.17,225.6871,223.0515,223.7776,47923700,,0,224.6173,224.9821,224.4533,224.9579,-0.5046,-0.8214,0.3168,44.7077,227.7136,223.622,219.5304,0.008191,0.6893,f,226.7812,2026-05-11 03:09:19.738139
134,1,20241118,224.0262,228.4918,223.9467,226.7812,44633700,,0,225.5678,224.6424,225.1144,225.218,-0.1036,-0.5915,0.4879,62.1152,228.1645,224.244,220.3235,0.009525,0.215,f,227.0397,2026-05-11 03:09:19.738139
135,1,20241119,225.7468,228.9095,225.4285,227.0397,36211800,,0,226.0253,224.302,225.6613,225.4779,0.1834,-0.3327,0.5161,63.4343,228.6797,224.7488,220.8179,0.007963,-1.4764,f,227.7558,2026-05-11 03:09:19.738139
136,1,20241120,226.8209,228.6808,224.6627,227.7558,35169600,,0,226.7044,224.2458,226.2562,225.8029,0.4533,-0.0683,0.5216,67.5954,228.9163,225.3977,221.8791,0.004942,-1.5344,f,227.2785,2026-05-11 03:09:19.738139
137,1,20241121,227.6365,228.9095,224.4837,227.2785,42108300,,0,227.2756,224.4354,226.5465,226.0134,0.5331,0.1431,0.39,61.3955,229.2206,225.526,221.8314,0.001578,0.0182,f,228.6211,2026-05-11 03:09:19.738139
138,1,20241122,226.8209,229.4665,226.8209,228.6211,38168300,,0,227.7644,224.9131,227.1358,226.3854,0.7504,0.3471,0.4033,71.2656,229.9764,225.8154,221.6544,0.002655,-0.8567,f,231.6048,2026-05-11 03:09:19.738139
139,1,20241125,230.2025,231.9827,228.4918,231.6048,90152800,,0,228.9664,225.6493,228.4051,227.13,1.2751,0.6454,0.6297,83.6408,231.6754,226.6747,221.674,0.005307,2.7986,f,233.7829,2026-05-11 03:09:19.738139
140,1,20241126,232.0623,234.2901,232.0623,233.7829,45986200,,0,230.7566,226.4354,229.9325,228.0791,1.8534,1.0413,0.8121,88.4678,233.7308,227.7519,221.773,0.005458,-0.0912,f,233.6536,2026-05-11 03:09:19.738139
141,1,20241127,233.1961,234.4095,232.5397,233.6536,33498400,,0,232.3862,227.2612,230.9894,228.8744,2.115,1.4115,0.7035,86.4517,235.0637,228.7275,222.3913,0.005635,-0.7785,f,236.0406,2026-05-11 03:09:19.738139
142,1,20241129,233.5343,236.518,232.6988,236.0406,28481400,,0,234.0799,227.9309,232.424,229.8967,2.5273,1.7866,0.7407,91.3158,237.2443,229.6336,222.0229,0.004851,-0.9384,f,238.2883,2026-05-11 03:09:19.738139
143,1,20241202,235.9809,239.4818,235.8715,238.2883,48137100,,0,235.6783,228.7683,234.0896,231.0939,2.9957,2.1918,0.8039,94.0113,239.2183,231.0846,222.9509,0.004878,0.2312,f,241.3317,2026-05-11 03:09:19.738139
144,1,20241203,238.5071,241.4411,237.602,241.3317,38861000,,0,237.8535,229.9896,236.1466,232.5544,3.5922,2.6575,0.9347,96.1599,242.2173,232.5397,222.8621,0.005876,-0.2855,f,241.6897,2026-05-11 03:09:19.738139
145,1,20241204,241.5505,242.7837,239.9393,241.6897,44383900,,0,239.8086,231.2348,237.7209,233.8577,3.8632,3.0763,0.7869,96.3642,244.3553,234.0047,223.6541,0.005404,-0.0066,f,241.7195,2026-05-11 03:09:19.738139
146,1,20241205,242.6644,243.2114,240.8145,241.7195,40033900,,0,241.11,232.423,238.8566,234.9792,3.8774,3.3677,0.5097,96.3855,245.7714,235.4011,225.0308,0.004757,-0.3006,f,241.5206,2026-05-11 03:09:19.738139
147,1,20241206,241.5903,243.3009,240.7648,241.5206,36870600,,0,241.5988,233.3924,239.6133,235.9124,3.7009,3.5039,0.197,91.614,246.1522,236.8253,227.4984,0.000684,-0.4562,f,245.4094,2026-05-11 03:09:19.738139
148,1,20241209,240.5161,245.8968,240.4366,245.4094,44649200,,0,242.7127,234.8345,241.2595,237.2673,3.9922,3.6632,0.329,96.3358,247.3251,238.5041,229.6831,0.006138,-0.0277,f,246.4239,2026-05-11 03:09:19.738139
149,1,20241210,245.5486,246.8615,244.0071,246.4239,36914800,,0,244.061,236.144,242.7263,238.5736,4.1527,3.8323,0.3204,96.9351,248.6422,239.986,231.3298,0.006099,-0.4807,f,245.1508,2026-05-11 03:09:19.738139
150,1,20241211,246.6128,249.4374,244.9221,245.1508,45205800,,0,245.0698,237.3514,243.4149,239.5119,3.903,3.8795,0.0235,76.1299,249.1552,241.1228,233.0904,0.006716,0.9352,f,246.6129,2026-05-11 03:09:19.738139
151,1,20241212,245.5487,247.3886,244.3452,246.6129,32777500,,0,245.9692,238.6086,244.3232,240.5249,3.7983,3.8616,-0.0633,82.0279,249.2487,242.4187,235.5887,0.003556,-1.1487,f,246.7819,2026-05-11 03:09:19.738139
152,1,20241213,246.4736,247.9356,244.9022,246.7819,33155300,,0,246.2164,239.9088,245.0215,241.4176,3.6039,3.7863,-0.1824,82.6862,249.2093,243.4929,237.7765,0.003225,-1.3437,f,249.6761,2026-05-11 03:09:19.738139
153,1,20241216,246.6427,250.0143,246.3045,249.6761,51694800,,0,247.3275,241.3124,246.3435,242.5957,3.7478,3.7661,-0.0183,90.5656,250.2805,244.6316,238.9827,0.00457,1.9299,f,252.1028,2026-05-11 03:09:19.738139
154,1,20241217,248.7213,252.4509,248.4229,252.1028,51356400,,0,249.1049,242.679,247.9793,243.952,4.0273,3.8445,0.1828,93.7439,252.4869,245.7088,238.9307,0.005204,1.4466,f,246.7023,2026-05-11 03:09:19.738139
155,1,20241218,250.79,252.8985,246.394,246.7023,56774100,,0,249.1063,243.5403,247.6166,244.3444,3.2722,3.6953,-0.4231,46.9156,252.4147,246.21,240.0053,0.010731,1.7018,f,248.4329,2026-05-11 03:09:19.738139
156,1,20241219,246.1553,250.6309,245.7475,248.4329,60882300,,0,249.1646,244.5256,247.8485,244.9277,2.9208,3.4443,-0.5235,56.2414,252.376,246.8814,241.3868,0.009995,1.6312,f,253.1074,2026-05-11 03:09:19.738139
157,1,20241220,246.6924,253.6146,244.3552,253.1074,147495300,,0,249.7983,245.6633,249.3421,246.0946,3.2475,3.3537,-0.1062,73.1833,253.4028,248.04,242.6772,0.011968,2.8024,f,253.8831,2026-05-11 03:09:19.738139
158,1,20241223,253.3858,254.261,252.073,253.8831,40858800,,0,251.0784,246.703,250.6319,247.2057,3.4262,3.3707,0.0555,75.2963,254.9864,248.8874,242.7884,0.006992,-0.4531,f,256.7972,2026-05-11 03:09:19.738139
159,1,20241224,254.1019,256.8071,253.903,256.7972,23234700,,0,253.7155,247.734,252.383,248.574,3.809,3.5053,0.3037,82.2799,257.4383,249.9247,242.4111,0.007486,-0.9189,f,257.6127,2026-05-11 03:09:19.738139
160,1,20241226,256.7872,258.6869,256.2303,257.6127,27237100,,0,255.6705,248.7956,253.8683,249.8635,4.0048,3.6754,0.3294,83.9685,259.2459,251.1709,243.0959,0.004211,-0.7272,f,254.2014,2026-05-11 03:09:19.738139
161,1,20241227,256.4292,257.2945,251.6851,254.2014,42355300,,0,255.8722,249.6277,253.9629,250.4824,3.4805,3.6459,-0.1654,54.8569,259.5391,251.9298,244.3205,0.007267,-0.3245,f,250.8298,2026-05-11 03:09:19.738139
162,1,20241230,250.8596,252.1227,249.3877,250.8298,35557500,,0,254.5836,250.2483,253.073,250.5319,2.5411,3.3173,-0.7762,37.6711,259.1582,252.3346,245.511,0.006875,-0.5316,f,249.0595,2026-05-11 03:09:19.738139
163,1,20241231,251.0685,251.9039,248.0749,249.0595,39480700,,0,252.2563,250.4916,251.9331,250.3219,1.6112,2.7705,-1.1593,30.9033,259.2073,252.2729,245.3385,0.006327,-0.3781,f,242.5252,2026-05-11 03:09:19.738139
164,1,20250102,247.5776,247.7467,240.5062,242.5252,55740700,,0,248.4329,250.2317,249.261,249.2096,0.0514,1.902,-1.8506,16.413,260.4923,251.3152,242.1381,0.010037,0.0805,f,242.0378,2026-05-11 03:09:19.738139
165,1,20250103,242.0378,242.8534,240.5758,242.0378,40244100,,0,245.4393,250.0242,247.2095,248.1864,-0.9769,0.9374,-1.9143,15.6827,261.3646,250.8487,240.3328,0.009696,-0.319,f,243.6689,2026-05-11 03:09:19.738139
166,1,20250106,242.9827,245.9863,241.8787,243.6689,45045600,,0,243.6462,249.8279,246.2039,247.542,-1.3381,0.1424,-1.4805,29.6321,261.7247,250.3723,239.0199,0.010581,-0.1354,f,240.8941,2026-05-11 03:09:19.738139
167,1,20250107,241.6599,244.2159,240.0388,240.8941,40856000,,0,242.2467,249.4354,244.6958,246.5936,-1.8978,-0.5544,-1.3434,21.5553,261.6918,249.151,236.6102,0.005367,0.204,f,241.3814,2026-05-11 03:09:19.738139
168,1,20250108,240.6056,242.3859,238.7458,241.3814,37628900,,0,241.9895,248.8824,243.7544,245.85,-2.0956,-1.0974,-0.9982,26.255,260.8112,247.9008,234.9904,0.00545,-0.1263,f,235.5632,2026-05-11 03:09:19.738139
169,1,20250110,238.706,238.8552,231.7341,235.5632,61710900,,0,239.9066,247.7798,241.4279,244.3825,-2.9546,-1.7083,-1.2463,13.4479,259.1363,245.7774,232.4185,0.009615,1.9955,f,233.1265,2026-05-11 03:09:19.738139
170,1,20250113,232.2612,233.395,228.4719,233.1265,49630700,,0,237.2909,246.8747,239.0701,242.7767,-3.7066,-2.3783,-1.3283,10.5724,256.042,243.3288,230.6156,0.009503,0.5871,f,232.0126,2026-05-11 03:09:19.738139
171,1,20250114,233.4746,234.8371,231.207,232.0126,39435300,,0,234.6837,245.7801,237.0656,241.2411,-4.1755,-2.9964,-1.1791,9.355,253.1531,241.1099,229.0667,0.009046,-0.6123,f,236.5776,2026-05-11 03:09:19.738139
172,1,20250115,233.3652,237.6617,233.1563,236.5776,39832000,,0,234.1424,244.6781,236.927,240.5758,-3.6488,-3.2723,-0.3765,44.3313,249.949,239.6847,229.4204,0.009256,-0.6462,f,227.0199,2026-05-11 03:09:19.738139
173,1,20250116,236.0605,236.7169,226.7911,227.0199,71759100,,0,232.0495,242.8872,234.1132,238.6419,-4.5287,-3.667,-0.8617,21.3586,248.2247,237.4807,226.7367,0.018024,2.1129,f,228.7305,2026-05-11 03:09:19.738139
174,1,20250117,230.8589,231.028,227.2387,228.7305,68488300,,0,230.9527,241.0161,232.5844,237.2279,-4.6435,-4.0152,-0.6283,30.0019,247.4566,236.1012,224.7458,0.01849,1.5036,f,221.4304,2026-05-11 03:09:19.738139
175,1,20250121,222.783,223.2007,218.1881,221.4304,98070400,,0,227.277,238.6039,229.4164,234.9742,-5.5578,-4.5116,-1.0462,18.4689,247.7098,234.0405,220.3712,0.018744,2.2426,f,222.6139,2026-05-11 03:09:19.738139
176,1,20250122,218.5959,222.9023,218.5959,222.6139,64126500,,0,224.6528,236.4981,227.4843,233.2109,-5.7266,-4.9429,-0.7837,24.7154,245.5043,231.935,218.3657,0.013243,0.3684,f,222.4448,2026-05-11 03:09:19.738139
177,1,20250123,223.519,225.7965,221.0922,222.4449,60234800,,0,223.1013,234.6058,226.053,231.675,-5.622,-5.2006,-0.4214,24.3611,243.278,230.0901,216.9022,0.012524,0.0632,f,221.5696,2026-05-11 03:09:19.738139
178,1,20250124,223.5588,224.4041,220.2071,221.5696,54697900,,0,222.0982,232.7731,224.7796,230.2333,-5.4537,-5.3092,-0.1445,22.1667,239.6968,228.1089,216.521,0.002725,-0.3661,f,228.6112,2026-05-11 03:09:19.738139
179,1,20250127,222.8029,230.8887,222.7631,228.6112,94863400,,0,223.9807,231.8455,225.8679,230.0019,-4.134,-4.9838,0.8498,60.3854,237.8518,227.4137,216.9756,0.012391,1.5606,f,236.9655,2026-05-11 03:09:19.738139
180,1,20250128,229.5958,238.8851,229.556,236.9655,75707600,,0,228.1054,231.5073,229.0199,230.9954,-1.9755,-4.0555,2.08,77.6896,239.3305,227.7976,216.2647,0.017169,0.4652,f,238.0595,2026-05-11 03:09:19.738139
181,1,20250129,232.848,238.5569,232.7386,238.0596,45486100,,0,232.6917,231.1334,231.5873,232.0031,-0.4158,-2.856,2.4402,79.2686,241.3764,228.4023,215.4282,0.016364,-1.1812,f,236.2991,2026-05-11 03:09:19.738139
182,1,20250130,237.3733,239.4818,235.9212,236.2992,55658300,,0,235.8942,230.8271,232.9256,232.616,0.3096,-1.7674,2.077,68.8329,241.2757,228.3745,215.4733,0.014425,-0.8005,f,234.7178,2026-05-11 03:09:19.738139
183,1,20250131,245.847,245.847,232.1717,234.7178,100959800,,0,236.4455,230.3828,233.4346,232.9159,0.5187,-0.9586,1.4773,59.4698,242.5649,229.1442,215.7235,0.004242,1.5098,f,226.7712,2026-05-11 03:09:19.738139
184,1,20250203,228.7405,230.5705,224.4738,226.7712,73063300,,0,233.3766,229.7967,231.5421,232.0393,-0.4972,-0.7212,0.224,31.1353,242.4484,228.9483,215.4482,0.012365,0.0403,f,231.5352,2026-05-11 03:09:19.738139
185,1,20250204,226.0153,231.8634,225.4186,231.5352,45067300,,0,231.7639,229.6906,231.5401,231.9673,-0.4272,-0.6207,0.1935,50.1082,242.4877,229.9588,217.4299,0.016216,-1.1725,f,231.207,2026-05-11 03:09:19.738139
186,1,20250205,227.2884,231.4059,227.0298,231.207,39620300,,0,230.5349,229.6369,231.4455,231.8589,-0.4134,-0.5475,0.1341,48.8732,242.2988,230.8181,219.3374,0.016127,-1.2141,f,231.9529,2026-05-11 03:09:19.738139
187,1,20250206,230.0334,232.5298,229.1781,231.9529,29925300,,0,230.8802,229.3286,231.5896,231.8723,-0.2827,-0.4617,0.179,52.4214,241.7198,231.7689,221.818,0.007952,-1.3645,f,226.3933,2026-05-11 03:09:19.738139
188,1,20250207,231.3363,232.7287,226.0253,226.3933,39707200,,0,230.0917,229.2868,230.1137,231.0906,-0.9769,-0.599,-0.3779,31.0427,240.4004,232.2513,224.1022,0.00928,-0.844,f,226.6621,2026-05-11 03:09:19.738139
189,1,20250210,228.5738,229.5893,226.214,226.6621,33115600,,0,228.7462,229.1489,229.1334,230.4589,-1.3255,-0.8373,-0.4882,32.8066,240.6484,232.0564,223.4644,0.009414,-0.9392,f,231.6105,2026-05-11 03:09:19.738139
190,1,20250211,227.2097,234.2092,227.14,231.6105,53718400,,0,228.755,229.8276,229.8369,230.6232,-0.7863,-0.8579,0.0716,58.6998,239.4298,231.5209,223.612,0.013244,0.1005,f,235.8421,2026-05-11 03:09:19.738139
191,1,20250212,230.1967,235.9317,229.679,235.8421,45243300,,0,230.6604,230.7095,231.5426,231.3677,0.1749,-0.5539,0.7288,71.2939,238.5244,231.2991,224.0738,0.009732,-0.3065,f,240.4819,2026-05-11 03:09:19.738139
192,1,20250213,235.8819,241.2884,234.5477,240.4819,53614100,,0,234.6473,231.9119,234.0815,232.6679,1.4136,0.0682,1.3454,80.1362,240.4607,231.7174,222.9741,0.010701,0.1066,f,243.5386,2026-05-11 03:09:19.738139
193,1,20250214,240.2031,244.4844,239.9442,243.5386,40896200,,0,238.7622,233.3765,236.7676,234.2188,2.5488,0.8836,1.6652,84.3614,243.9228,232.5995,221.2762,0.009272,-0.3736,f,243.4091,2026-05-11 03:09:19.738139
194,1,20250218,243.0905,244.116,240.7905,243.4091,48822500,,0,241.5288,234.3631,238.6539,235.5299,3.124,1.6526,1.4714,83.3612,246.5702,234.2633,221.9564,0.008205,0.7578,f,243.8074,2026-05-11 03:09:19.738139
195,1,20250219,243.5983,244.9424,242.1048,243.8074,32204200,,0,243.1417,234.8192,240.1176,236.7108,3.4068,2.2677,1.1391,84.1316,248.9195,235.4905,222.0615,0.004783,-1.1367,f,244.7632,2026-05-11 03:09:19.738139
196,1,20250220,243.8771,245.7091,243.2299,244.7632,32316900,,0,243.9283,235.2661,241.4371,237.8595,3.5776,2.7308,0.8468,86.1763,251.0263,236.8461,222.6659,0.001566,-0.9793,f,244.4844,2026-05-11 03:09:19.738139
197,1,20250221,244.8827,247.6108,244.1559,244.4844,53197400,,0,244.217,235.8118,242.3026,238.8046,3.498,3.0162,0.4818,82.0695,252.5544,238.0993,223.6442,0.001661,1.1441,f,246.0277,2026-05-11 03:09:19.738139
198,1,20250224,243.8671,247.7801,243.3593,246.0277,51326400,,0,244.9083,236.5658,243.3606,239.8351,3.5255,3.2012,0.3243,86.7301,252.7705,240.0627,227.3549,0.002729,0.7735,f,245.968,2026-05-11 03:09:19.738139
199,1,20250225,246.9238,248.9151,243.8472,245.968,48013300,,0,245.3891,237.8456,244.1012,240.71,3.3912,3.2826,0.1086,85.5844,251.2057,241.9933,232.7809,0.002508,0.2585,f,239.317,2026-05-11 03:09:19.738139
200,1,20250226,243.2697,243.9169,238.0923,239.317,44433600,,0,243.8728,238.3643,242.7424,240.5113,2.2311,2.9884,-0.7573,28.9205,249.0878,242.7639,236.44,0.010865,-0.0755,f,236.2702,2026-05-11 03:09:19.738139
201,1,20250227,238.3711,241.4079,236.0313,236.2702,41153600,,0,241.3054,238.7019,240.9041,239.9062,0.9979,2.3601,-1.3622,20.6016,248.9359,242.8068,236.6777,0.010524,-0.4486,f,240.7905,2026-05-11 03:09:19.738139
202,1,20250228,235.9217,241.0394,229.201,240.7905,56833400,,0,239.8176,239.2911,240.8718,240.0324,0.8394,1.8247,-0.9853,49.3688,248.9202,242.8376,236.755,0.014133,1.466,f,236.9971,2026-05-11 03:09:19.738139
203,1,20250303,240.7407,242.971,235.0854,236.9971,47184000,,0,238.2047,239.998,239.7713,239.5994,0.1719,1.2771,-1.1052,35.1429,249.2086,242.1835,235.1584,0.011283,0.2037,f,234.9062,2026-05-11 03:09:19.738139
204,1,20250304,236.6785,239.0282,233.6616,234.9062,53798100,,0,237.3797,240.5476,238.3895,238.9298,-0.5403,0.6727,-1.213,29.0087,249.5778,241.3332,233.0886,0.010707,0.925,f,234.717,2026-05-11 03:09:19.738139
205,1,20250305,234.3984,235.5235,228.2352,234.717,47227600,,0,236.2902,240.7547,237.3464,238.3288,-0.9824,0.1071,-1.0895,28.4112,249.3878,240.4241,231.4604,0.006253,-0.0464,f,234.3088,2026-05-11 03:09:19.738139
206,1,20250306,233.4227,236.8278,232.1482,234.3088,45170400,,0,234.9802,240.6525,236.4837,237.7553,-1.2716,-0.3701,-0.9015,26.8244,248.5201,239.3787,230.2373,0.003242,-0.7762,f,238.0325,2026-05-11 03:09:19.738139
207,1,20250307,234.0898,240.3226,233.7413,238.0326,46273600,,0,235.5747,240.4892,236.9236,237.7949,-0.8713,-0.5797,-0.2916,56.4006,247.1951,238.7335,230.2719,0.006202,-0.4129,f,226.4928,2026-05-11 03:09:19.738139
208,1,20250310,234.5179,235.1352,223.247,226.4928,72071200,,0,233.1979,239.3528,233.961,236.1825,-2.2215,-1.0775,-1.144,21.1431,246.589,236.78,226.971,0.020156,2.5213,f,219.8817,2026-05-11 03:09:19.738139
209,1,20250311,222.8388,224.86,216.5064,219.8817,76137400,,0,229.0176,237.7843,229.9621,233.857,-3.8949,-1.9774,-1.9175,14.3168,246.5105,234.1714,221.8323,0.022021,1.9741,f,216.0384,2026-05-11 03:09:19.738139
210,1,20250312,219.1847,220.7877,213.9774,216.0384,62547500,,0,223.2655,235.933,226.0075,231.315,-5.3075,-3.0818,-2.2257,11.4545,247.8664,231.8435,215.8206,0.019212,0.6626,f,208.7701,2026-05-11 03:09:19.738139
211,1,20250313,215.0129,215.899,207.5156,208.7701,61368300,,0,216.5533,233.5335,221.1117,228.0987,-6.987,-4.376,-2.611,7.6192,250.0887,229.0935,208.0983,0.0151,0.4188,f,212.5636,2026-05-11 03:09:19.738139
212,1,20250314,210.3333,213.0215,208.6705,212.5636,60107600,,0,213.518,231.4054,218.6838,225.8825,-7.1987,-5.3846,-1.8141,25.056,247.8275,226.2708,204.7141,0.016393,0.2701,f,213.0714,2026-05-11 03:09:19.738139
213,1,20250317,212.3843,214.2861,209.0588,213.0714,48073400,,0,212.1212,229.2084,217.0897,224.0548,-6.9651,-5.9773,-0.9878,27.4949,245.4538,223.8783,202.3028,0.01551,-0.8583,f,211.767,2026-05-11 03:09:19.738139
214,1,20250318,213.2307,214.2163,210.5722,211.767,42432400,,0,211.9392,226.9283,215.578,222.3018,-6.7238,-6.27,-0.4538,24.7413,242.8602,221.5643,200.2684,0.007567,-1.1774,f,214.306,2026-05-11 03:09:19.738139
215,1,20250319,213.2904,217.8107,212.8224,214.306,54385400,,0,212.9789,225.2609,215.2167,221.1611,-5.9444,-6.214,0.2696,40.2489,239.1527,219.5232,199.8937,0.005434,-0.2193,f,213.1709,2026-05-11 03:09:19.738139
216,1,20250320,213.0614,216.5462,211.2991,213.1709,48862900,,0,213.0799,223.7209,214.6356,220.0212,-5.3856,-5.9609,0.5753,35.8518,234.4812,217.4094,200.3376,0.005905,-0.766,f,217.3228,2026-05-11 03:09:19.738139
217,1,20250321,210.6419,217.8903,210.3631,217.3228,94127800,,0,214.4809,222.1564,215.3989,219.6363,-4.2374,-5.426,1.1886,58.1281,225.0499,215.3385,205.6271,0.008692,2.1373,f,219.7722,2026-05-11 03:09:19.738139
218,1,20250324,220.041,220.5189,217.6315,219.7722,44299500,,0,216.4054,221.0081,216.641,219.6557,-3.0147,-4.6475,1.6328,67.1013,221.6162,214.6664,207.7166,0.008582,-0.9639,f,222.779,2026-05-11 03:09:19.738139
219,1,20250325,219.812,223.1275,219.125,222.779,34493600,,0,218.9884,220.1996,218.3843,220.1012,-1.7169,-3.6861,1.9692,75.6349,222.9689,214.9561,206.9433,0.008282,-1.2856,f,220.5687,2026-05-11 03:09:19.738139
220,1,20250326,222.5401,224.0435,219.5133,220.5687,34466100,,0,220.5089,219.2564,219.0047,220.1679,-1.1632,-2.8182,1.655,60.3216,224.1334,215.4092,206.685,0.007962,-1.0511,f,222.8786,2026-05-11 03:09:19.738139
221,1,20250327,220.4293,224.0137,219.6029,222.8786,37094800,,0,221.7464,218.4944,220.105,220.5546,-0.4496,-2.0164,1.5668,69.0423,225.3443,216.82,208.2957,0.007814,-0.7405,f,216.9544,2026-05-11 03:09:19.738139
222,1,20250328,220.7081,222.8388,216.7354,216.9544,39818600,,0,220.5118,217.0892,219.2102,220.041,-0.8308,-1.5635,0.7327,39.4422,225.2735,217.2591,209.2447,0.011675,-0.4682,f,221.1661,2026-05-11 03:09:19.738139
223,1,20250331,216.0683,224.6409,215.2917,221.1661,65299300,,0,220.3667,216.7341,219.7657,220.2015,-0.4358,-1.1859,0.7501,56.9226,225.8478,218.0686,210.2894,0.014092,0.8814,f,222.2215,2026-05-11 03:09:19.738139
224,1,20250401,218.8561,222.7093,217.9501,222.2215,36412700,,0,220.5089,216.89,220.4632,220.4897,-0.0265,-0.7975,0.771,60.7066,225.9298,219.114,212.2982,0.013573,-0.6862,f,222.9184,2026-05-11 03:09:19.738139
225,1,20250402,220.3596,224.2128,220.0609,222.9184,35905900,,0,221.3666,217.3487,221.1605,220.8362,0.3243,-0.4182,0.7425,63.5235,226.2755,219.9753,213.6751,0.007104,-0.6026,f,202.3082,2026-05-11 03:09:19.738139
226,1,20250403,204.6481,206.5896,200.3767,202.3083,103419000,,0,216.5803,216.9179,215.806,218.193,-2.387,-0.9376,-1.4494,16.618,230.9989,218.889,206.7791,0.035495,2.0018,t,187.5625,2026-05-11 03:09:19.738139
227,1,20250404,193.0486,199.0126,186.527,187.5625,125910900,,0,206.8285,215.2512,207.7842,213.8232,-6.039,-2.5219,-3.5171,9.7561,238.7499,215.913,193.0761,0.041053,2.1978,t,180.6726,2026-05-11 03:09:19.738139
228,1,20250407,176.431,193.3075,173.8622,180.6726,160466300,,0,194.8579,213.0913,200.0839,209.0939,-9.01,-4.6567,-4.3533,7.7622,243.2085,212.003,180.7975,0.039532,2.0725,f,171.6718,2026-05-11 03:09:19.738139
229,1,20250408,185.8898,189.514,168.4757,171.6718,120859500,,0,183.1603,210.4182,192.0142,203.7552,-11.741,-7.026,-4.715,5.7267,245.6195,206.8923,168.1651,0.03031,0.9729,f,197.9871,2026-05-11 03:09:19.738139
230,1,20250409,171.2038,199.7394,171.1441,197.9871,184395900,,0,184.0322,209.3303,193.7106,202.9323,-9.2217,-8.0041,-1.2176,53.3475,242.4886,204.6341,166.7796,0.066699,1.7207,f,189.5937,2026-05-11 03:09:19.738139
231,1,20250410,188.2495,193.9347,182.2059,189.5937,121880000,,0,185.5968,207.7585,192.5413,201.0294,-8.4881,-8.239,-0.2491,43.9253,237.9309,201.3056,164.6803,0.067384,0.4345,f,197.2901,2026-05-11 03:09:19.738139
232,1,20250411,185.2924,198.6741,185.2526,197.2901,87435900,,0,191.6305,206.423,193.8901,200.496,-6.6059,-7.791,1.1851,53.8714,234.3936,199.3392,164.2848,0.062801,-0.3506,f,201.6412,2026-05-11 03:09:19.738139
233,1,20250414,210.5224,212.0159,200.2871,201.6412,101352900,,0,196.4339,205.2143,196.0916,200.6593,-4.5677,-6.7795,2.2118,59.3044,229.2363,197.3867,165.5371,0.025406,-0.1403,f,201.2628,2026-05-11 03:09:19.738139
234,1,20250415,200.984,202.6269,198.933,201.2628,51343900,,0,198.5688,203.7798,197.5603,200.7454,-3.1851,-5.5866,2.4015,58.5065,222.5403,195.2908,168.0413,0.016382,-1.326,f,193.427,2026-05-11 03:09:19.738139
235,1,20250416,197.4992,199.829,191.5352,193.427,59732400,,0,198.5646,201.9704,196.3864,199.7014,-3.315,-4.763,1.448,42.6773,211.9885,192.3417,172.6949,0.018053,-1.3004,f,196.1252,2026-05-11 03:09:19.738139
236,1,20250417,196.3442,197.9672,193.5763,196.1252,52164700,,0,197.6102,200.1868,196.3122,199.1912,-2.879,-4.1186,1.2396,49.0027,210.3939,191.7234,173.0529,0.016385,-1.2368,f,192.3218,2026-05-11 03:09:19.738139
237,1,20250421,192.4313,192.959,188.9863,192.3218,46742500,,0,195.0015,198.5447,195.1788,198.2112,-3.0324,-3.7198,0.6874,40.5958,210.6518,192.1993,173.7468,0.017345,-1.1052,f,198.8732,2026-05-11 03:09:19.738139
238,1,20250422,195.2689,200.7152,195.1196,198.8732,52976400,,0,195.4382,197.0585,196.2281,198.3056,-2.0775,-3.1983,1.1208,57.3686,211.03,194.0194,177.0088,0.016401,-0.8008,f,203.7121,2026-05-11 03:09:19.738139
239,1,20250423,205.1061,207.0974,201.92,203.7121,52929200,,0,197.9913,195.8245,198.3537,199.0769,-0.7232,-2.4038,1.6806,66.6329,205.9074,197.2234,188.5394,0.017847,-0.652,f,207.4658,2026-05-11 03:09:19.738139
240,1,20250424,204.0009,207.9238,202.0593,207.4658,47311000,,0,201.7749,194.7943,200.9418,200.2737,0.6681,-1.3956,2.0637,72.749,208.9209,198.1713,187.4217,0.014427,-0.7784,f,208.3718,2026-05-11 03:09:19.738139
241,1,20250425,205.4745,208.8398,205.3052,208.3718,38222300,,0,205.4247,195.1986,203.0521,201.429,1.6231,-0.3748,1.9979,74.2648,210.7046,200.0491,189.3936,0.010274,-1.0836,f,209.2281,2026-05-11 03:09:19.738139
242,1,20250428,209.0887,210.5822,206.5597,209.2281,38743100,,0,207.6919,196.643,204.8062,202.5416,2.2646,0.5323,1.7323,75.9483,213.067,201.2429,189.4188,0.006734,-0.887,f,210.2934,2026-05-11 03:09:19.738139
243,1,20250429,207.7844,211.319,207.4658,210.2935,36827600,,0,209.0361,198.6177,206.3647,203.6475,2.7172,1.2897,1.4275,78.2997,215.1878,202.1081,189.0284,0.002435,-1.4659,f,211.5779,2026-05-11 03:09:19.738139
244,1,20250430,208.3917,212.6532,205.7731,211.5779,52286500,,0,210.0815,201.2781,207.8454,204.7789,3.0665,1.9078,1.1587,81.243,217.4245,203.1396,188.8547,0.002788,0.6014,f,212.3943,2026-05-11 03:09:19.738139
245,1,20250501,208.1727,213.6289,207.9935,212.3943,57365700,,0,211.1085,202.2386,209.1374,205.8653,3.2721,2.3878,0.8843,83.1742,218.6471,205.0364,191.4257,0.002761,1.3818,f,204.4589,2026-05-11 03:09:19.738139
246,1,20250502,205.1957,206.0918,201.2827,204.4589,101010600,,0,209.5937,203.2296,207.8086,205.6647,2.1439,2.382,-0.2381,35.6604,218.0776,205.8697,193.6618,0.014949,2.6991,f,198.0269,2026-05-11 03:09:19.738139
247,1,20250505,202.2187,203.2143,197.3499,198.0269,69018500,,0,205.9054,203.2787,205.0304,204.575,0.4554,1.8083,-1.3529,22.0608,216.2524,206.4402,196.628,0.017309,0.7736,f,197.6486,2026-05-11 03:09:19.738139
248,1,20250506,197.3499,199.7793,196.165,197.6486,51216500,,0,201.809,203.0125,202.9338,203.5869,-0.6531,0.9999,-1.653,21.4211,216.5477,206.3178,196.0879,0.016706,-0.1764,f,195.3984,2026-05-11 03:09:19.738139
249,1,20250507,198.3057,198.5745,192.4114,195.3984,68536700,,0,198.0867,202.6216,200.7935,202.4187,-1.6252,0.122,-1.7472,17.4208,217.6964,205.4864,193.2764,0.011809,0.6552,f,196.633,2026-05-11 03:09:19.738139
250,1,20250508,196.862,199.1819,193.8352,196.633,50478900,,0,196.7696,202.8353,199.6118,201.5933,-1.9815,-0.6121,-1.3694,27.3334,217.6506,204.4031,191.1556,0.005264,-0.3114,f,197.6685,2026-05-11 03:09:19.738139
262,1,20250527,197.6984,200.131,196.831,199.6026,56288500,,0,198.7908,203.5854,201.1506,203.0749,-1.9243,-0.8144,-1.1099,40.7226,217.5351,205.6283,193.7215,0.016111,0.3217,f,199.812,2026-05-11 03:09:19.738139
272,1,20250610,199.9914,203.73,199.9615,202.0551,54672600,,0,201.7731,200.9532,201.6169,201.7881,-0.1712,-0.3972,0.226,54.0542,203.7575,201.1559,198.5543,0.008534,0.213,f,198.1769,2026-05-11 03:09:19.738139
273,1,20250611,202.8826,203.8796,197.8081,198.1769,60989900,,0,200.7776,200.4161,200.6399,201.2729,-0.633,-0.4501,-0.1829,32.0634,204.0959,200.9924,197.8889,0.008763,0.6249,f,198.5957,2026-05-11 03:09:19.738139
274,1,20250612,198.476,199.0742,196.7612,198.5957,43904600,,0,199.7849,200.224,200.0593,200.891,-0.8317,-0.5743,-0.2574,35.8174,204.2164,200.9176,197.6188,0.008085,-0.7669,f,195.854,2026-05-11 03:09:19.738139
275,1,20250613,199.1241,199.7621,195.1063,195.854,51447300,,0,198.1869,199.8977,198.8649,200.1724,-1.3075,-0.8059,-0.5016,24.1745,205.0258,200.4789,195.932,0.008438,0.0337,f,197.818,2026-05-11 03:09:19.738139
276,1,20250616,196.7014,198.0872,195.9637,197.818,43020700,,0,197.5303,200.1071,198.5675,199.8365,-1.269,-0.9767,-0.2923,42.1187,204.9529,200.1519,195.3509,0.007014,-0.9572,f,195.0465,2026-05-11 03:09:19.738139
277,1,20250617,196.6017,197.7881,194.6178,195.0465,38856200,,0,196.5761,199.8033,197.5675,199.1532,-1.5857,-1.1751,-0.4106,29.1558,204.772,199.3912,194.0104,0.008585,-1.2293,f,195.9836,2026-05-11 03:09:19.738139
278,1,20250618,195.3455,196.9706,194.4782,195.9836,45394700,,0,196.2215,199.5481,197.1176,198.701,-1.5834,-1.3239,-0.2595,37.7766,204.1431,198.7691,193.3951,0.007301,-0.5989,f,200.3902,2026-05-11 03:09:19.738139
279,1,20250620,197.6386,201.0881,196.2628,200.3902,96813500,,0,197.2369,199.6179,198.0471,198.942,-0.8949,-1.2191,0.3242,64.6825,204.2209,198.806,193.3911,0.010799,2.4073,f,200.8887,2026-05-11 03:09:19.738139
288,1,20250703,211.5064,213.9988,211.1674,212.9021,34955800,,0,209.7602,201.5008,207.5887,204.3191,3.2696,1.9573,1.3123,93.789,213.687,203.9214,194.1558,0.008713,-1.442,f,209.313,2026-05-11 03:09:19.738139
289,1,20250707,212.0348,215.574,208.1665,209.313,50229000,,0,210.7444,202.2153,208.0784,205.0315,3.0469,2.3684,0.6785,61.6276,214.7638,204.8137,194.8636,0.011472,-0.5446,f,209.3728,2026-05-11 03:09:19.738139
290,1,20250708,209.4626,210.7885,207.8176,209.3728,42848900,,0,210.7102,203.1166,208.446,205.6509,2.7951,2.5427,0.2524,61.9173,215.5737,205.6621,195.7505,0.00699,-0.8568,f,210.4994,2026-05-11 03:09:19.738139
291,1,20250709,208.8943,210.6889,206.5913,210.4994,48749400,,0,210.1818,203.962,209.0292,206.3426,2.6866,2.605,0.0816,67.9803,216.1326,206.7428,197.353,0.007016,-0.4974,f,211.7656,2026-05-11 03:09:19.738139
292,1,20250710,209.8713,212.8323,209.3928,211.7656,44443600,,0,210.3698,205.0766,209.8064,207.1162,2.6902,2.6382,0.052,74.1406,216.7536,207.8246,198.8956,0.002761,-0.7778,f,210.5194,2026-05-11 03:09:19.738139
293,1,20250711,209.9312,211.4864,209.2233,210.5194,39765800,,0,210.7059,206.0456,210.0089,207.6017,2.4072,2.5775,-0.1703,59.2131,216.2667,208.8375,201.4083,0.003988,-0.9357,f,207.9871,2026-05-11 03:09:19.738139
294,1,20250714,209.2931,210.2701,206.9103,207.9871,38840100,,0,210.1491,206.5521,209.4347,207.6567,1.778,2.336,-0.558,38.3332,214.4511,209.5892,204.7273,0.005705,-0.8054,f,208.4756,2026-05-11 03:09:19.738139
295,1,20250715,208.5853,211.2472,208.2862,208.4756,42296300,,0,209.39,207.0579,209.1623,207.7735,1.3888,2.024,-0.6352,43.4542,213.5608,209.982,206.4032,0.005004,-0.4873,f,209.5224,2026-05-11 03:09:19.738139
296,1,20250716,209.662,211.7556,208.007,209.5224,47490500,,0,208.9271,207.7132,209.2646,208.023,1.2416,1.754,-0.5124,54.285,213.2787,210.2153,207.1519,0.005359,0.1956,f,209.3828,2026-05-11 03:09:19.738139
297,1,20250717,209.9312,211.1574,208.9541,209.3828,48068100,,0,208.9641,208.2755,209.2981,208.217,1.0811,1.5242,-0.4431,52.4996,212.8688,209.974,207.0792,0.002031,0.8927,f,210.5393,2026-05-11 03:09:19.738139
307,1,20250731,207.8575,209.2034,206.5315,206.9403,80698400,,0,209.3387,210.7493,209.9177,210.2896,-0.3719,0.5396,-0.9115,12.6071,216.1397,211.5353,206.9309,0.005711,2.7203,f,201.766,2026-05-11 03:09:19.738139
308,1,20250801,210.2302,212.932,200.8887,201.766,104434500,,0,206.4105,210.1658,207.6024,209.0736,-1.4712,-0.108,-1.3632,5.6913,218.2557,210.6579,203.0601,0.009368,2.4197,f,202.7331,2026-05-11 03:09:19.738139
309,1,20250804,203.8895,207.2493,201.0681,202.7331,75109300,,0,204.4707,209.8155,206.2194,208.1691,-1.9497,-0.7392,-1.2105,17.0185,218.6975,209.7477,200.7979,0.009932,0.831,f,202.3044,2026-05-11 03:09:19.738139
310,1,20250805,202.7829,204.717,201.5467,202.3044,44155100,,0,202.9353,209.4041,205.1075,207.3324,-2.2249,-1.2569,-0.968,15.892,218.1514,208.6032,199.055,0.009844,-0.6129,f,212.603,2026-05-11 03:09:19.738139
311,1,20250806,205.0062,214.7266,204.9663,212.603,108483100,,0,205.2924,209.6095,207.2364,208.0843,-0.8479,-1.2079,0.36,73.0167,217.8822,208.5135,199.1448,0.019186,1.7269,f,219.3625,2026-05-11 03:09:19.738139
312,1,20250807,218.216,220.18,215.9229,219.3625,90224800,,0,210.1818,210.2748,210.6805,209.6933,0.9872,-0.5465,1.5337,83.0666,220.3984,209.1386,197.8788,0.021131,0.8439,f,228.6542,2026-05-11 03:09:19.738139
313,1,20250808,220.16,230.2992,218.5848,228.6542,113854000,,0,217.6491,211.4824,215.7854,212.3983,3.3871,0.7033,2.6838,89.9303,227.1149,210.6809,194.2469,0.022958,1.375,f,226.7478,2026-05-11 03:09:19.738139
314,1,20250811,227.4864,229.1233,224.3324,226.7478,61806100,,0,223.1617,212.4766,218.899,214.4454,4.4536,1.9826,2.471,80.9657,231.203,212.0156,192.8282,0.01939,-0.6147,f,229.2131,2026-05-11 03:09:19.738139
323,1,20250822,225.7397,228.6542,224.9812,227.3267,42477800,,0,226.4113,223.7295,227.185,224.9479,2.2371,3.4141,-1.177,51.97,234.6228,229.0285,223.4342,0.009617,-0.5259,f,226.7279,2026-05-11 03:09:19.738139
324,1,20250825,226.0491,228.8638,225.7996,226.7278,30983100,,0,226.0905,225.3291,227.0552,225.2019,1.8533,2.8813,-1.028,47.8224,234.6242,229.0265,223.4288,0.005612,-1.2088,f,228.8738,2026-05-11 03:09:19.738139
325,1,20250826,226.4384,229.0534,224.2626,228.8738,54575100,,0,227.1898,227.1004,227.5717,225.7257,1.846,2.511,-0.665,62.2099,234.5894,228.9925,223.3956,0.005826,0.7471,f,230.0515,2026-05-11 03:09:19.738139
326,1,20250827,228.1751,230.4607,227.8258,230.0515,31259500,,0,228.3761,228.2636,228.276,226.3428,1.9332,2.2988,-0.3656,68.5467,233.7167,228.7091,223.7015,0.004133,-1.1063,f,232.1176,2026-05-11 03:09:19.738139
327,1,20250828,230.3809,232.966,228.9037,232.1176,38074700,,0,229.8305,229.114,229.3671,227.1667,2.2004,2.2467,-0.0463,77.3986,233.6291,228.6871,223.7451,0.00442,-0.2548,f,231.6984,2026-05-11 03:09:19.738139
328,1,20250829,232.0677,232.936,230.9298,231.6984,39418400,,0,230.9441,229.3169,230.0293,227.8132,2.2161,2.2369,-0.0208,71.9303,233.8091,228.742,223.6749,0.003845,0.1094,f,229.283,2026-05-11 03:09:19.738139
329,1,20250902,228.8139,230.4108,226.5382,229.283,44075600,,0,230.8928,229.4859,229.8173,228.0229,1.7944,2.1093,-0.3149,46.6482,233.5762,228.6252,223.6742,0.005643,0.6658,f,238.0163,2026-05-11 03:09:19.738139
330,1,20250903,236.7587,238.3956,233.9142,238.0163,66427800,,0,232.8733,230.0728,232.146,229.4485,2.6975,2.2599,0.4376,80.181,237.0356,229.4147,221.7938,0.015638,2.2208,f,239.3239,2026-05-11 03:09:19.738139
331,1,20250904,237.9964,239.4436,236.2896,239.3238,47549400,,0,234.9921,230.502,234.1847,230.8574,3.3273,2.6031,0.7242,82.3868,240.0237,230.7891,221.5545,0.015452,0.4498,f,239.234,2026-05-11 03:09:19.738139
332,1,20250905,239.5434,240.8609,238.0363,239.234,54870400,,0,237.4902,230.9618,235.6188,232.0524,3.5664,2.9366,0.6298,81.5566,241.7166,232.2653,222.814,0.014227,0.9091,f,237.4275,2026-05-11 03:09:19.738139
342,1,20250919,240.7711,245.8314,239.753,245.033,163741300,,0,239.9555,235.5604,238.7498,236.0294,2.7204,1.8642,0.8562,82.4913,245.5822,235.585,225.5878,0.012407,2.7464,f,255.5928,2026-05-11 03:09:19.738139
343,1,20250922,247.8276,256.1518,247.648,255.5928,105517400,,0,244.9489,237.1533,243.5336,238.8203,4.7133,2.7538,1.9595,91.2874,253.3129,237.4015,221.4901,0.019128,0.9082,f,253.946,2026-05-11 03:09:19.738139
344,1,20250923,255.3932,256.8504,253.0976,253.946,60275200,,0,249.5102,238.7975,246.491,240.9782,5.5128,3.6961,1.8167,82.6648,258.0165,239.4057,220.7949,0.019369,-0.3071,f,251.83,2026-05-11 03:09:19.738139
345,1,20250924,254.7345,255.2535,250.5624,251.83,42303700,,0,252.5387,239.7184,248.0074,242.5263,5.4811,4.3466,1.1345,71.1656,259.6266,241.9528,224.279,0.017576,-0.6691,f,256.3813,2026-05-11 03:09:19.738139
346,1,20250925,252.7283,256.6808,251.2311,256.3813,55202100,,0,254.2725,240.8556,250.3858,244.5029,5.8829,4.8773,1.0056,79.3797,262.1095,244.6317,227.1539,0.008525,-0.3414,f,254.974,2026-05-11 03:09:19.738139
347,1,20250926,253.6166,257.1099,253.2972,254.974,46076300,,0,254.3309,241.9049,251.6889,245.9967,5.6922,5.19,0.5022,71.0478,263.5091,246.7667,230.0243,0.008402,-0.5527,f,253.946,2026-05-11 03:09:19.738139
348,1,20250929,254.0757,254.5149,252.5287,253.946,40127700,,0,254.6332,243.0062,252.33,247.1308,5.1992,5.2336,-0.0344,64.467,264.1008,248.5363,232.9718,0.007774,-0.6997,f,254.1456,2026-05-11 03:09:19.738139
349,1,20250930,254.3752,255.4331,252.6285,254.1456,37704300,,0,254.6446,244.3556,252.8457,248.1315,4.7142,5.0857,-0.3715,65.2979,264.1325,250.1812,236.2299,0.002453,-0.6771,f,254.964,2026-05-11 03:09:19.738139
358,1,20251013,248.9056,249.215,245.0928,247.1889,38142900,,0,249.8096,253.9779,250.9384,251.3767,-0.4383,1.33,-1.7683,29.4637,262.3914,253.8591,245.3268,0.014701,-0.5749,f,247.2986,2026-05-11 03:09:19.738139
359,1,20251014,246.1309,248.3766,244.2345,247.2986,35478000,,0,247.4484,253.5348,249.9046,250.7949,-0.8903,0.5618,-1.4521,30.2246,262.6038,253.1744,243.745,0.014156,-0.8478,f,248.8656,2026-05-11 03:09:19.738139
360,1,20251015,249.0154,251.341,246.9992,248.8657,33893600,,0,247.3585,253.3371,249.6095,250.5197,-0.9102,0.0323,-0.9425,42.1021,262.2505,252.5646,242.8787,0.004006,-0.847,f,246.9792,2026-05-11 03:09:19.738139
361,1,20251016,247.7777,248.5662,244.6637,246.9793,39777000,,0,247.6394,252.7103,248.8625,250.0146,-1.1521,-0.3781,-0.774,33.0787,261.3977,251.5984,241.7991,0.004036,-0.1391,f,251.81,2026-05-11 03:09:19.738139
362,1,20251017,247.5482,252.898,246.7996,251.81,49147000,,0,248.9441,252.4994,249.6996,250.2707,-0.5711,-0.4893,-0.0818,61.3333,259.9628,251.0265,242.0902,0.008488,0.9368,f,261.7411,2026-05-11 03:09:19.738139
363,1,20251020,255.4032,263.8771,255.1437,261.7411,90483000,,0,252.8466,253.0191,253.1197,251.9071,1.2126,-0.0015,1.2141,82.0622,262.3335,251.5805,240.8275,0.01642,2.55,f,262.2701,2026-05-11 03:09:19.738139
364,1,20251021,261.3818,264.7853,261.3319,262.2701,46695900,,0,256.946,253.5607,255.7186,253.3855,2.3331,0.7621,1.571,82.7192,264.6133,252.2083,239.8033,0.015331,-0.0205,f,257.9583,2026-05-11 03:09:19.738139
365,1,20251022,262.1503,262.35,254.9441,257.9583,45015300,,0,259.3927,253.7603,256.3547,254.0379,2.3168,1.3253,0.9915,59.1928,264.7252,252.2472,239.7692,0.017031,-0.1732,f,259.0862,2026-05-11 03:09:19.738139
366,1,20251023,259.4455,260.1242,257.5192,259.0862,32754900,,0,260.0529,253.9233,257.1305,254.7581,2.3724,1.7008,0.6716,62.8705,265.9677,252.8002,239.6327,0.00682,-0.8554,f,262.32,2026-05-11 03:09:19.738139
367,1,20251024,260.6931,263.6275,258.6869,262.32,38253700,,0,260.1427,254.2427,258.6045,255.8369,2.7676,2.0597,0.7079,72.3742,267.6552,254.5518,241.4484,0.008614,-0.4078,f,268.2986,2026-05-11 03:09:19.738139
377,1,20251107,269.2867,271.772,266.2625,267.9593,48227400,,0,269.0301,266.333,268.6032,266.2622,2.341,3.0936,-0.7526,43.4017,270.8588,269.162,267.4652,0.001844,-0.4007,f,269.1781,2026-05-11 03:09:19.738139
378,1,20251110,268.7086,273.4741,267.21,269.1781,41312400,,0,268.9164,266.8288,268.7665,266.6782,2.0883,2.7517,-0.6634,58.8816,270.8414,269.2499,267.6584,0.002751,-0.87,f,274.9927,2026-05-11 03:09:19.738139
379,1,20251111,269.5578,275.6521,269.5478,274.9927,46208300,,0,270.5024,267.677,270.5349,267.8643,2.6706,2.6841,-0.0135,84.9779,273.6943,269.9004,266.1065,0.008617,-0.5617,t,273.2144,2026-05-11 03:09:19.738139
380,1,20251112,274.7429,275.4723,271.446,273.2144,48398000,,0,271.8185,268.6941,271.2959,268.6276,2.6683,2.6813,-0.013,67.5275,274.5599,270.3031,266.0463,0.008886,-0.3757,f,272.6949,2026-05-11 03:09:19.738139
381,1,20251113,273.8537,276.4413,271.8356,272.6949,49602800,,0,272.9974,269.6013,271.6933,269.2078,2.4855,2.6263,-0.1408,62.5331,274.9841,270.4842,265.9843,0.00901,-0.1489,f,272.1553,2026-05-11 03:09:19.738139
382,1,20251114,270.7966,275.702,269.348,272.1553,47431300,,0,273.0174,270.257,271.8245,269.6283,2.1962,2.4942,-0.298,56.7308,275.3007,270.7142,266.1277,0.002382,-0.0411,f,267.21,2026-05-11 03:09:19.738139
383,1,20251117,268.5687,270.2371,265.4816,267.21,45018300,,0,271.0478,270.1844,270.5139,269.2833,1.2306,2.1089,-0.8783,26.6071,275.4944,270.5814,265.6684,0.006686,-0.6903,f,267.19,2026-05-11 03:09:19.738139
384,1,20251118,269.7376,270.4569,265.072,267.19,45677300,,0,269.4008,270.0979,269.5698,268.9847,0.5851,1.6066,-1.0215,26.5312,275.6659,270.3478,265.0297,0.006778,-0.3516,f,268.3089,2026-05-11 03:09:19.738139
393,1,20251202,282.7354,287.1313,282.3658,285.9225,53669500,,0,281.7121,274.001,279.8298,275.8402,3.9896,2.8485,1.1411,93.3292,288.0026,274.9747,261.9468,0.006292,0.6382,f,283.8844,2026-05-11 03:09:19.738139
394,1,20251203,285.9325,288.3502,283.0352,283.8844,43538700,,0,283.4106,274.5937,280.9814,276.9878,3.9936,3.2645,0.7291,74.2288,289.5242,276.6441,263.764,0.007643,-0.1585,f,280.4376,2026-05-11 03:09:19.738139
395,1,20251204,283.8344,284.4638,278.3295,280.4376,43989100,,0,283.3321,275.0753,280.827,277.48,3.347,3.3434,0.0036,50.8138,289.5407,277.857,266.1733,0.007158,-0.1523,f,278.5194,2026-05-11 03:09:19.738139
396,1,20251205,280.2777,280.8772,277.7901,278.5194,47265800,,0,281.6579,275.4636,280.1716,277.6282,2.5434,3.1149,-0.5715,41.1875,287.5297,279.1088,270.6879,0.00496,0.1012,f,277.6302,2026-05-11 03:09:19.738139
397,1,20251208,277.87,279.4086,275.8918,277.6302,38211800,,0,279.5798,275.8286,279.4498,277.6285,1.8213,2.7021,-0.8808,36.876,286.3826,279.7482,273.1138,0.004729,-0.489,f,276.9209,2026-05-11 03:09:19.738139
398,1,20251209,277.9,279.7682,276.6611,276.9209,32193300,,0,278.0827,276.476,278.7315,277.5276,1.2039,2.2077,-1.0038,33.1867,286.2211,279.8741,273.5271,0.00261,-0.8841,f,278.5194,2026-05-11 03:09:19.738139
399,1,20251210,277.4903,279.4885,276.1816,278.5194,33038300,,0,277.8086,277.2313,278.6713,277.6691,1.0022,1.789,-0.7868,48.6123,286.1136,280.055,273.9964,0.002888,-0.6499,f,277.7701,2026-05-11 03:09:19.738139
400,1,20251211,278.8391,279.3286,273.554,277.7701,33248000,,0,277.7216,277.862,278.4153,277.6835,0.7318,1.4283,-0.6965,42.4901,286.0759,280.1029,274.1299,0.0028,-0.6251,f,278.0199,2026-05-11 03:09:19.738139
401,1,20251212,277.6402,278.959,276.5612,278.0199,39532900,,0,277.9342,278.6633,278.303,277.7315,0.5715,1.1318,-0.5603,45.5346,286.0897,280.046,274.0023,0.002553,-0.2299,f,273.8537,2026-05-11 03:09:19.738139
402,1,20251215,279.8881,279.8881,272.5849,273.8537,50409100,,0,276.8295,278.8378,277.0393,277.1783,-0.139,0.7244,-0.8634,20.9308,285.93,279.1478,272.3656,0.005663,1.2122,f,274.3533,2026-05-11 03:09:19.738139
412,1,20251230,272.555,273.8238,272.0255,272.8247,22139600,,0,273.2143,274.1481,273.0637,273.7394,-0.6757,-0.8844,0.2087,44.7484,274.8603,272.7138,270.5673,0.001234,-0.5881,f,271.6058,2026-05-11 03:09:19.738139
413,1,20251231,272.8047,273.4241,271.496,271.6058,27293600,,0,272.7162,273.7938,272.6496,273.435,-0.7854,-0.8418,0.0564,31.725,274.3561,272.4391,270.5221,0.001972,-0.4145,f,270.7567,2026-05-11 03:09:19.738139
414,1,20260102,272.0055,277.5803,268.7485,270.7567,37838100,,0,271.9826,273.2763,272.112,273.0529,-0.9409,-0.8674,-0.0735,24.9819,274.4849,272.3562,270.2275,0.001888,-0.0942,f,267.0102,2026-05-11 03:09:19.738139
415,1,20260105,270.387,271.2562,265.8912,267.0102,45647200,,0,270.2243,272.559,270.6629,272.1909,-1.528,-1.0653,-0.4627,11.11,275.7966,271.8636,267.9306,0.005092,0.1357,t,262.1147,2026-05-11 03:09:19.738139
416,1,20260106,266.7504,267.2999,261.8749,262.1147,52352100,,0,267.3384,271.4986,268.235,270.7534,-2.5184,-1.5209,-0.9975,5.6511,277.7407,270.7337,263.7267,0.00774,1.8949,t,260.0866,2026-05-11 03:09:19.738139
417,1,20260107,262.954,263.4335,259.5671,260.0866,48309800,,0,264.1685,270.5808,265.9207,269.2316,-3.3109,-2.1127,-1.1982,4.4461,279.266,269.6707,260.0754,0.007745,1.2918,f,258.7979,2026-05-11 03:09:19.738139
418,1,20260108,256.7797,259.0476,255.461,258.7979,50419300,,0,261.2869,269.5438,263.8976,267.7432,-3.8456,-2.7027,-1.1429,3.7667,279.8244,268.3399,256.8554,0.006868,1.1872,f,259.1275,2026-05-11 03:09:19.738139
419,1,20260109,258.8378,259.9667,255.9805,259.1275,39997000,,0,259.7341,268.7132,262.5428,266.514,-3.9712,-3.1545,-0.8167,8.5266,279.0389,266.8973,254.7557,0.003352,0.257,f,260.0067,2026-05-11 03:09:19.738139
428,1,20260123,247.0888,249.1769,244.4513,247.8081,41689000,,0,247.594,257.4331,250.5557,255.428,-4.8723,-4.6443,-0.228,17.8724,266.0788,254.2731,242.4674,0.001833,-0.5712,f,255.1712,2026-05-11 03:09:19.738139
429,1,20260126,251.2449,256.3202,249.5665,255.1712,55969200,,0,249.9447,256.3941,251.8666,255.3914,-3.5248,-4.3402,0.8154,65.0056,265.241,253.8774,242.5138,0.011199,0.3199,f,258.0285,2026-05-11 03:09:19.738139
430,1,20260127,258.9277,261.7051,257.9686,258.0285,49648300,,0,252.8762,255.7953,253.6167,255.7676,-2.1509,-3.6515,1.5006,73.0086,264.6525,253.6796,242.7067,0.011439,-0.1636,f,256.2003,2026-05-11 03:09:19.738139
431,1,20260128,257.4091,258.618,254.2721,256.2003,41288000,,0,255.2297,255.401,254.3505,255.8293,-1.4788,-2.9184,1.4396,61.1046,263.2591,253.219,243.1789,0.012213,-0.7195,f,258.0385,2026-05-11 03:09:19.738139
432,1,20260129,257.7588,259.4073,254.1722,258.0385,67253000,,0,257.1008,255.2645,255.398,256.1445,-0.7465,-2.1891,1.4426,68.0731,262.6786,253.0512,243.4238,0.0059,0.9114,f,259.2374,2026-05-11 03:09:19.738139
433,1,20260130,254.9314,261.6551,251.9442,259.2374,92443400,,0,257.8544,255.2938,256.4885,256.5857,-0.0972,-1.482,1.3848,72.3713,263.1054,253.1781,243.2508,0.004473,1.8819,f,269.7576,2026-05-11 03:09:19.738139
434,1,20260202,259.7869,270.2371,258.9677,269.7576,73913400,,0,261.4668,256.0024,260.2572,258.4648,1.7924,-0.4351,2.2275,89.2612,268.8935,254.6247,240.3559,0.014875,0.8065,f,269.2281,2026-05-11 03:09:19.738139
435,1,20260203,268.9484,271.6258,267.3598,269.2281,64394700,,0,264.9264,256.6172,262.8052,260.0003,2.8049,0.6626,2.1423,85.7486,272.5076,256.9006,241.2936,0.015302,0.386,f,276.2315,2026-05-11 03:09:19.738139
436,1,20260204,272.0355,278.6892,272.0355,276.2315,90545700,,0,269.9531,257.6456,266.6186,262.3159,4.3027,1.8715,2.4312,91.5819,277.8956,259.7819,241.6682,0.016983,1.5159,f,275.6521,2026-05-11 03:09:19.738139
437,1,20260205,277.87,279.2387,272.9746,275.6521,52977400,,0,273.1401,258.7079,269.1843,264.2185,4.9658,2.9436,2.0222,87.6311,281.1081,262.5353,243.9625,0.010133,-0.563,f,277.86,2026-05-11 03:09:19.738139
447,1,20260220,258.97,264.75,258.16,264.58,42070500,,0,263.2714,268.1778,264.0645,265.0124,-0.9479,-0.3625,-0.5854,50.8537,281.9058,267.256,252.6062,0.008573,-0.4376,f,266.18,2026-05-11 03:09:19.738139
448,1,20260223,263.49,269.43,263.38,266.18,37308200,,0,263.8614,268.6406,264.6653,265.179,-0.5137,-0.4482,-0.0655,56.2052,278.8165,266.088,253.3595,0.008835,-0.6581,f,272.14,2026-05-11 03:09:19.738139
449,1,20260224,267.86,274.89,267.71,272.14,47014600,,0,266.6257,268.7994,266.7883,266.172,0.6163,-0.1443,0.7606,71.5622,277.9448,265.84,253.7352,0.009125,-0.0231,f,274.23,2026-05-11 03:09:19.738139
450,1,20260225,271.78,274.94,271.05,274.23,33714300,,0,269.9543,269.1329,268.9019,267.3216,1.5803,0.41,1.1703,75.5629,278.1535,265.895,253.6365,0.008272,-0.9085,f,272.95,2026-05-11 03:09:19.738139
451,1,20260226,274.95,276.11,270.8,272.95,32345100,,0,272.1171,268.9141,270.0517,268.1245,1.9272,0.9336,0.9936,67.7871,277.1339,265.64,254.1461,0.009036,-0.8374,f,264.18,2026-05-11 03:09:19.738139
452,1,20260227,272.81,272.81,262.89,264.18,72366500,,0,270.6943,268.1493,268.384,267.5618,0.8222,0.9725,-0.1503,34.9656,277.1241,265.885,254.6459,0.012858,2.0671,f,264.72,2026-05-11 03:09:19.738139
453,1,20260302,262.41,266.53,260.2,264.72,41827900,,0,268.2757,267.2733,267.3433,267.1564,0.1869,0.7348,-0.5479,37.4484,275.7529,266.779,257.8051,0.01215,-0.0922,f,263.75,2026-05-11 03:09:19.738139
454,1,20260303,263.48,265.56,260.13,263.75,38568900,,0,265.4643,266.5487,266.3227,266.6704,-0.3477,0.3826,-0.7303,34.3154,275.7579,266.766,257.7741,0.01216,-0.2086,f,262.52,2026-05-11 03:09:19.738139
463,1,20260316,252.11,253.89,249.88,252.82,32074200,,0,254.03,262.164,255.747,259.0959,-3.3489,-2.6463,-0.7026,31.0929,266.8997,258.424,249.9483,0.011859,-0.838,f,254.23,2026-05-11 03:09:19.738139
464,1,20260317,252.96,255.13,252.18,254.23,32361600,,0,252.8714,260.97,255.3161,258.4017,-3.0856,-2.8262,-0.2594,40.096,265.4397,257.472,249.5043,0.010241,-0.6775,f,249.94,2026-05-11 03:09:19.738139
465,1,20260318,252.63,254.94,249,249.94,35757900,,0,252.0143,259.3507,253.7892,257.1946,-3.4054,-3.0156,-0.3898,26.2194,264.5793,256.214,247.8487,0.008489,-0.0955,f,248.96,2026-05-11 03:09:19.738139
466,1,20260319,249.4,251.83,247.3,248.96,34864100,,0,251.2971,257.7513,252.4176,256.0198,-3.6022,-3.2166,-0.3856,23.7224,264.0104,255.081,246.1516,0.007049,-0.0063,f,247.99,2026-05-11 03:09:19.738139
467,1,20260320,247.98,249.2,246,247.99,88331100,,0,249.7157,256.672,251.16,254.8743,-3.7143,-3.3917,-0.3226,21.0773,263.8678,254.134,244.4002,0.006167,2.8419,f,251.49,2026-05-11 03:09:19.738139
468,1,20260323,253.97,254.6,250.28,251.49,40546100,,0,249.5457,255.79,251.2538,254.3915,-3.1377,-3.3442,0.2065,48.6061,262.2852,253.295,244.3048,0.006111,0.0408,f,251.64,2026-05-11 03:09:19.738139
469,1,20260324,250.35,254.83,249.55,251.64,45152300,,0,250.1714,254.9827,251.3635,253.999,-2.6355,-3.1273,0.4918,49.609,259.7595,252.376,244.9925,0.005745,0.2279,f,252.62,2026-05-11 03:09:19.738139
470,1,20260325,254.1,255,251.6,252.62,28476700,,0,251.3557,254.3227,251.7203,253.8022,-2.0819,-2.7923,0.7104,56.9211,256.2224,251.557,246.8916,0.005248,-0.7818,f,252.89,2026-05-11 03:09:19.738139
471,1,20260326,252.12,257,250.77,252.89,41796700,,0,252.2557,253.8293,252.0526,253.6721,-1.6195,-2.4045,0.785,59.0981,255.1079,251.27,247.4321,0.001429,0.01,f,248.8,2026-05-11 03:09:19.738139
472,1,20260327,253.9,255.49,248.07,248.8,47900000,,0,251.4657,253.252,251.1288,252.977,-1.8482,-2.1899,0.3417,29.2682,255.2206,251.138,247.0554,0.006582,0.3096,f,246.63,2026-05-11 03:09:19.738139
482,1,20260413,259.73,260.18,256.66,259.2,36234700,,0,259.8914,254.7227,258.3816,256.6347,1.7469,1.3657,0.3812,59.1563,264.6745,256.34,248.0055,0.003206,-0.2565,f,258.83,2026-05-11 03:09:19.738139
483,1,20260414,259.25,261.93,257.19,258.83,48370700,,0,259.6443,255.212,258.509,256.9479,1.5611,1.4508,0.1103,55.9286,262.6698,257.56,252.4502,0.001843,0.811,f,266.43,2026-05-11 03:09:19.738139
484,1,20260415,258.16,266.56,257.81,266.43,49913500,,0,261.3429,256.198,260.7587,258.3006,2.4581,1.7525,0.7056,82.3158,265.6449,258.824,252.0031,0.011638,0.9504,f,263.4,2026-05-11 03:09:19.738139
485,1,20260416,266.8,267.16,261.27,263.4,43323100,,0,262.36,256.9167,261.5089,259.0281,2.4808,2.0157,0.4651,62.4643,266.5655,259.601,252.6365,0.012612,0.3001,f,270.23,2026-05-11 03:09:19.738139
486,1,20260417,266.96,272.3,266.72,270.23,61436200,,0,265.5643,258.0727,263.9859,260.6262,3.3597,2.4408,0.9189,78.2243,270.0733,261.032,251.9907,0.015211,1.5207,f,273.05,2026-05-11 03:09:19.738139
487,1,20260420,270.33,274.28,270.29,273.05,36590200,,0,268.5414,259.6893,266.5603,262.3986,4.1617,3.0079,1.1538,82.3077,273.9443,262.451,250.9577,0.0117,-0.6389,f,266.17,2026-05-11 03:09:19.738139
488,1,20260421,271.5,272.8,265.4,266.17,50209800,,0,268.9,260.992,266.4495,262.9366,3.5129,3.2392,0.2737,51.1516,273.5884,263.718,253.8476,0.015266,0.7694,f,273.17,2026-05-11 03:09:19.738139
489,1,20260422,267.82,273.74,266.87,273.17,43249200,,0,270.7157,262.284,268.3583,264.3965,3.9618,3.4717,0.4901,67.7089,275.9475,265.145,254.3425,0.015364,0.0383,f,273.43,2026-05-11 03:09:19.738139
501,1,20260508,290.01,294.76,290,293.32,52631200,,0,288.6743,276.4093,285.2914,279.0351,6.2563,5.0603,1.196,88.626,296.2945,278.926,261.5575,0.008268,-0.0499,f,,2026-05-11 03:09:19.738139
251,1,20250509,198.1364,199.6698,196.6828,197.6685,36453900,,0,196.7212,202.9382,199.0599,201.0334,-1.9735,-1.1048,-0.8687,35.9224,216.8657,203.3328,189.7999,0.005734,-1.0331,f,210.1505,2026-05-11 03:09:19.738139
252,1,20250512,210.3299,210.629,206.1227,210.1505,63775800,,0,200.6146,204.1268,202.2099,202.3341,-0.1242,-0.8827,0.7585,77.8805,217.1378,203.425,189.7122,0.0233,0.2785,f,212.284,2026-05-11 03:09:19.738139
253,1,20250513,209.7916,212.7526,208.3659,212.284,51909300,,0,205.2627,205.0208,205.0712,203.7535,1.3177,-0.1912,1.5089,80.749,217.8035,203.6241,189.4447,0.023225,-0.4917,f,211.6858,2026-05-11 03:09:19.738139
254,1,20250514,211.7855,213.2909,209.9411,211.6858,49325800,,0,209.4156,205.5524,206.9499,204.8852,2.0647,0.5702,1.4945,77.0204,217.8399,203.6349,189.4299,0.023766,-0.621,f,210.8085,2026-05-11 03:09:19.738139
255,1,20250515,210.31,212.3139,208.9043,210.8085,45029500,,0,211.3867,205.7752,208.0458,205.7302,2.3156,1.1832,1.1324,70.6507,217.2979,203.4763,189.6547,0.004596,-0.7733,f,210.6191,2026-05-11 03:09:19.738139
256,1,20250516,211.7157,211.9251,209.1336,210.6191,54737900,,0,211.2158,205.9251,208.7767,206.4276,2.3491,1.603,0.7461,69.0103,218.6014,204.0923,189.5832,0.001688,0.0683,f,208.1466,2026-05-11 03:09:19.738139
257,1,20250519,207.2792,208.8445,203.6403,208.1466,46140500,,0,210.1192,205.853,208.5977,206.6729,1.9248,1.7508,0.174,49.1685,219.1625,205.1043,191.0461,0.004389,-0.6309,f,206.2324,2026-05-11 03:09:19.738139
258,1,20250520,207.04,207.8375,204.408,206.2324,42496600,,0,208.6864,205.5822,207.9259,206.61,1.3159,1.6387,-0.3228,37.9283,219.0647,205.9627,192.8607,0.005084,-0.8969,f,201.4769,2026-05-11 03:09:19.738139
259,1,20250521,204.5476,206.4119,200.1011,201.4769,59211800,,0,206.0473,204.9088,206.0942,205.8777,0.2165,1.2047,-0.9882,21.5977,218.0417,206.5705,195.0993,0.008922,1.1838,f,200.7491,2026-05-11 03:09:19.738139
260,1,20250522,200.1011,202.1349,199.0941,200.7491,46742400,,0,203.5805,204.1325,204.5761,205.1461,-0.57,0.6209,-1.1909,19.8557,217.1587,206.9821,196.8055,0.008617,-0.3605,f,194.6776,2026-05-11 03:09:19.738139
261,1,20250523,193.0824,197.1002,192.8731,194.6776,78432900,,0,200.0057,203.4804,201.7647,203.6526,-1.8879,-0.191,-1.6969,10.4736,218.1027,206.683,195.2633,0.012889,2.3194,f,199.6026,2026-05-11 03:09:19.738139
263,1,20250528,199.9814,202.115,199.2935,199.812,45339700,,0,198.4191,203.7297,200.7704,202.6094,-1.839,-1.1912,-0.6478,41.8351,215.8185,204.3811,192.9437,0.016092,-0.6764,f,199.3434,2026-05-11 03:09:19.738139
264,1,20250529,202.9624,203.1917,197.9077,199.3434,51396800,,0,198.8848,203.9927,200.3651,202.1434,-1.7783,-1.4086,-0.3697,39.6198,213.759,203.1468,192.5346,0.009698,-0.1144,f,200.2407,2026-05-11 03:09:19.738139
265,1,20250530,198.7651,201.3473,196.183,200.2407,70819900,,0,199.7707,204.2332,200.3298,201.872,-1.5422,-1.475,-0.0672,46.8014,211.4043,202.09,192.7757,0.002057,1.3774,f,201.0881,2026-05-11 03:09:19.738139
266,1,20250602,199.6724,201.5168,199.5129,201.0881,35423300,,0,200.1652,204.4612,200.5452,201.7602,-1.215,-1.4058,0.1908,53.7221,208.398,201.1369,193.8758,0.002511,-1.3807,f,202.6533,2026-05-11 03:09:19.738139
267,1,20250603,200.7391,203.1518,200.3503,202.6533,46381600,,0,201.0439,203.9613,201.1439,201.8876,-0.7437,-1.2015,0.4578,64.9386,206.2208,200.5876,194.9544,0.003157,-0.5334,f,202.2047,2026-05-11 03:09:19.738139
268,1,20250604,202.2944,205.6143,201.4869,202.2047,43604000,,0,201.7333,203.2894,201.4452,201.9328,-0.4876,-0.9631,0.4755,59.4412,204.5132,200.1848,195.8564,0.003408,-0.7631,f,200.0213,2026-05-11 03:09:19.738139
269,1,20250605,202.8826,204.1288,199.5428,200.0213,55126100,,0,201.5495,202.5118,201.0408,201.6601,-0.6193,-0.8307,0.2114,38.3849,204.2765,200.0393,195.8021,0.005449,0.1715,f,203.3013,2026-05-11 03:09:19.738139
270,1,20250606,202.3841,205.0759,201.437,203.3013,46607700,,0,201.9583,202.0113,201.6828,201.8943,-0.2115,-0.6368,0.4253,63.9358,204.9794,200.2945,195.6096,0.008049,-0.5003,f,200.8388,2026-05-11 03:09:19.738139
271,1,20250609,203.7699,205.375,199.4132,200.8388,72862600,,0,201.5039,201.3593,201.4431,201.7437,-0.3006,-0.5098,0.2092,45.2005,203.5921,200.9106,198.2291,0.009364,1.7733,f,202.0551,2026-05-11 03:09:19.738139
280,1,20250623,201.0183,201.6862,198.3564,200.8887,55814300,,0,198.5102,199.6611,198.8542,199.2197,-0.3655,-0.9496,0.5841,66.8419,203.297,198.5648,193.8326,0.008248,-0.0333,f,199.6923,2026-05-11 03:09:19.738139
281,1,20250624,201.9754,202.8228,199.5926,199.6923,54064000,,0,199.7037,199.568,199.0922,199.2871,-0.1949,-0.6902,0.4953,55.9174,202.9994,198.4501,193.9008,0.009088,-0.0272,f,200.9485,2026-05-11 03:09:19.738139
282,1,20250625,200.8388,203.0521,200.0113,200.9485,39525700,,0,200.4927,199.4544,199.6195,199.5241,0.0954,-0.4278,0.5232,64.1159,202.5585,198.3394,194.1203,0.003654,-0.8109,f,200.3902,2026-05-11 03:09:19.738139
283,1,20250626,200.8189,202.0252,198.8549,200.3902,50799100,,0,200.4215,199.3334,199.8384,199.6477,0.1907,-0.2117,0.4024,57.7597,202.9601,198.5608,194.1615,0.003695,-0.0711,f,200.47,2026-05-11 03:09:19.738139
284,1,20250627,201.2775,202.6035,199.3932,200.47,73188600,,0,200.4728,199.3633,200.0178,199.765,0.2528,-0.0486,0.3014,58.5418,203.3024,198.7482,194.194,0.002747,1.0569,f,204.5475,2026-05-11 03:09:19.738139
285,1,20250630,201.3971,206.7608,198.6555,204.5475,91912800,,0,201.6806,199.4464,201.3043,200.4473,0.857,0.2355,0.6215,81.6524,204.9272,199.6176,194.308,0.007911,1.5987,f,207.1895,2026-05-11 03:09:19.738139
286,1,20250701,206.043,209.5523,205.5146,207.1895,78788900,,0,203.5435,199.8698,202.9758,201.4091,1.5667,0.6662,0.9005,87.6104,207.4301,200.5547,193.6793,0.008356,0.7877,f,211.7955,2026-05-11 03:09:19.738139
287,1,20250702,208.2762,212.6927,207.5085,211.7955,67941800,,0,206.7907,200.5191,205.4808,202.8909,2.5899,1.289,1.3009,92.9352,210.9409,202.2296,193.5183,0.010287,0.1323,f,212.9021,2026-05-11 03:09:19.738139
298,1,20250718,210.2302,211.1475,209.0638,210.5393,48974600,,0,209.6235,208.9521,209.6507,208.5483,1.1024,1.372,-0.2696,65.1437,211.8985,209.7377,207.5769,0.002653,0.957,f,211.8354,2026-05-11 03:09:19.738139
299,1,20250721,211.4565,215.1253,210.9879,211.8354,51377400,,0,210.4339,209.7098,210.2712,209.0172,1.254,1.3201,-0.0661,75.0523,212.4756,209.99,207.5044,0.00293,1.4711,f,213.7495,2026-05-11 03:09:19.738139
300,1,20250722,212.4934,214.2979,211.5861,213.7495,46404100,,0,211.6616,210.3233,211.2591,209.6924,1.5667,1.3884,0.1783,83.9968,213.7686,210.4276,207.0866,0.003846,0.1877,f,213.5003,2026-05-11 03:09:19.738139
301,1,20250723,214.3477,214.4973,211.7656,213.5003,46989300,,0,212.6728,210.744,211.8957,210.2356,1.6601,1.4813,0.1788,79.0823,214.5691,210.7277,206.8863,0.003933,0.3851,f,213.1115,2026-05-11 03:09:19.738139
302,1,20250724,213.2511,215.0356,212.8822,213.1115,46022600,,0,213.2226,210.8317,212.241,210.6459,1.5951,1.5285,0.0666,70.5126,214.9389,210.8623,206.7857,0.003676,0.1013,f,213.2311,2026-05-11 03:09:19.738139
303,1,20250725,214.0486,214.587,212.7526,213.2311,40268800,,0,213.3479,210.8537,212.5222,211.0147,1.5075,1.5287,-0.0212,71.7656,215.4489,211.1335,206.8181,0.000832,-1.397,f,213.4006,2026-05-11 03:09:19.738139
304,1,20250728,213.3807,214.1982,212.4136,213.4006,37858000,,0,213.2838,211.1262,212.7717,211.3551,1.4166,1.4962,-0.0796,73.8614,215.5971,211.6748,207.7525,0.00084,-1.9016,f,210.629,2026-05-11 03:09:19.738139
305,1,20250729,213.5302,214.1583,210.1804,210.629,51411700,,0,212.519,211.2099,212.1631,211.2515,0.9116,1.3224,-0.4108,28.2353,215.2577,211.8902,208.5227,0.005005,1.1593,f,208.4158,2026-05-11 03:09:19.738139
306,1,20250730,211.2571,211.7457,207.0898,208.4158,45512500,,0,211.1603,211.071,211.0988,210.8469,0.2519,0.984,-0.7321,17.0428,215.5226,211.7795,208.0364,0.005861,-0.1829,f,206.9403,2026-05-11 03:09:19.738139
315,1,20250812,227.5762,230.3609,226.638,229.2131,55626200,,0,226.9418,213.5075,221.8285,216.5522,5.2763,3.1156,2.1607,83.7539,235.7219,213.874,192.0261,0.016803,-0.8868,f,232.8861,2026-05-11 03:09:19.738139
316,1,20250813,230.6304,234.5529,229.9916,232.8861,69878500,,0,229.4783,214.7999,224.9691,218.8824,6.0867,4.1341,1.9526,87.4116,240.6473,216.321,191.9947,0.008117,-0.4601,f,232.3372,2026-05-11 03:09:19.738139
317,1,20250814,233.6147,234.6727,230.4108,232.3372,51916300,,0,230.8029,216.0816,227.0618,220.8019,6.2599,4.8936,1.3663,83.6639,244.0711,218.8607,193.6503,0.007006,-1.0443,f,231.1494,2026-05-11 03:09:19.738139
318,1,20250815,233.5548,233.8343,228.9037,231.1494,56038700,,0,231.7084,217.2762,228.2228,222.2781,5.9447,5.3004,0.6443,74.4658,245.0317,221.7991,198.5665,0.006807,-0.7105,f,230.4507,2026-05-11 03:09:19.738139
319,1,20250818,231.2592,232.6765,229.6722,230.4508,37476200,,0,231.5373,218.4128,228.8556,223.444,5.4116,5.3837,0.0279,68.563,244.2142,224.5708,204.9274,0.002045,-1.2198,f,230.1214,2026-05-11 03:09:19.738139
320,1,20250819,230.84,232.427,228.9137,230.1214,39402600,,0,230.8258,219.7123,229.2151,224.3966,4.8185,5.2271,-0.4086,65.3132,239.9024,227.3525,214.8026,0.00201,-1.1045,f,225.58,2026-05-11 03:09:19.738139
321,1,20250820,229.5425,230.0316,225.3405,225.58,42263900,,0,229.0648,220.8566,228.1826,224.5654,3.6172,4.7363,-1.1191,34.9265,236.4047,228.6502,220.8957,0.007269,-0.835,f,224.4721,2026-05-11 03:09:19.738139
322,1,20250821,225.8396,226.0891,223.3543,224.4722,30621200,,0,227.2568,222.0254,227.1288,224.5521,2.5767,4.0351,-1.4584,30.3426,234.644,229.1612,223.6784,0.007286,-1.0968,f,227.3267,2026-05-11 03:09:19.738139
333,1,20250908,238.8448,239.6931,235.8904,237.4275,48999500,,0,238.5696,231.3803,236.1325,232.8192,3.3133,3.0936,0.2197,64.2229,242.5481,233.2754,224.0027,0.003797,0.3093,f,233.9042,2026-05-11 03:09:19.738139
334,1,20250909,236.5491,238.3257,232.9161,233.9042,66313900,,0,237.2079,231.6106,235.4996,232.974,2.5256,2.9474,-0.4218,41.3841,242.1128,233.993,225.8732,0.005821,1.5134,f,226.3586,2026-05-11 03:09:19.738139
335,1,20250910,231.7483,231.9778,225.5202,226.3586,83440800,,0,233.5164,231.3597,232.9034,232.0302,0.8732,2.3185,-1.4453,20.5486,242.6393,233.7415,224.8437,0.012188,2.025,f,229.5924,2026-05-11 03:09:19.738139
336,1,20250911,226.4484,230.0116,226.2188,229.5924,50208600,,0,231.0197,231.6272,231.963,231.6824,0.2806,1.627,-1.3464,38.279,242.6776,233.6956,224.7136,0.014783,-0.2695,f,233.6247,2026-05-11 03:09:19.738139
337,1,20250912,228.7839,234.0639,228.5843,233.6247,55824200,,0,230.4365,232.2374,232.4349,231.9595,0.4754,1.1992,-0.7238,54.9636,242.7645,233.8463,224.9281,0.016089,0.0087,f,236.2497,2026-05-11 03:09:19.738139
338,1,20250915,236.5491,237.7369,234.5829,236.2497,42699500,,0,232.1846,232.8322,233.5184,232.5716,0.9468,1.0759,-0.1291,63.5124,243.1982,234.3014,225.4046,0.007891,-1.0827,f,237.6969,2026-05-11 03:09:19.738139
339,1,20250916,236.7288,240.7611,235.8704,237.6969,63421100,,0,234.9621,233.5635,234.7052,233.3028,1.4024,1.1627,0.2397,67.9744,243.5346,235.1428,226.751,0.007047,0.4626,f,238.5354,2026-05-11 03:09:19.738139
340,1,20250917,238.5154,239.6432,237.2777,238.5354,46508000,,0,236.9412,234.2076,235.7931,234.0493,1.7438,1.3495,0.3943,70.735,243.667,235.1947,226.7224,0.004357,-0.7988,f,237.4275,2026-05-11 03:09:19.738139
341,1,20250918,239.5135,240.7411,236.1998,237.4275,44249600,,0,237.6528,234.6993,236.2573,234.5312,1.7261,1.4881,0.238,61.4213,243.1629,235.0051,226.8473,0.003365,-0.9387,f,245.033,2026-05-11 03:09:19.738139
350,1,20251001,254.5548,258.2977,254.445,254.964,48713900,,0,254.4407,246.2626,253.4473,249.1062,4.3411,4.8485,-0.5074,69.2261,263.4774,251.824,240.1706,0.002131,-0.4021,f,256.6408,2026-05-11 03:09:19.738139
351,1,20251002,256.0919,257.6888,253.6665,256.6408,42630200,,0,255.0638,248.0658,254.3543,250.1811,4.1732,4.6216,-0.4484,76.4866,260.2845,253.7454,247.2063,0.002525,-0.5527,f,257.5291,2026-05-11 03:09:19.738139
352,1,20251003,254.1855,258.7468,253.4669,257.5291,49155600,,0,256.0591,249.6595,255.2561,251.2294,4.0267,4.4219,-0.3952,79.8411,258.197,254.995,251.793,0.002598,-0.1879,f,256.2017,2026-05-11 03:09:19.738139
353,1,20251006,257.4992,258.5771,254.5648,256.2017,44664100,,0,256.5296,250.9896,255.5246,251.9388,3.5858,4.1558,-0.57,62.1901,258.3269,255.0558,251.7847,0.003615,-0.3,f,255.9921,2026-05-11 03:09:19.738139
354,1,20251007,256.3215,256.9103,254.9441,255.9921,31955800,,0,256.5838,252.2093,255.6574,252.517,3.1404,3.825,-0.6846,59.4281,258.4814,255.2605,252.0396,0.002527,-1.8731,f,257.5691,2026-05-11 03:09:19.738139
355,1,20251008,256.032,258.0282,255.6228,257.5691,36496900,,0,256.7221,253.4782,256.2004,253.2377,2.9627,3.5302,-0.5675,71.9201,258.3397,255.8344,253.3291,0.003296,-1.0052,f,253.5567,2026-05-11 03:09:19.738139
356,1,20251009,257.3195,257.5092,252.6584,253.5567,38322000,,0,255.7768,254.5535,255.4495,253.2832,2.1663,3.0978,-0.9315,35.2036,258.3801,255.5519,252.7237,0.006662,-0.5953,f,244.8034,2026-05-11 03:09:19.738139
357,1,20251010,254.455,255.8923,243.5358,244.8034,61999100,,0,252.5501,254.5382,252.4258,252.0735,0.3523,2.2381,-1.8858,14.1792,261.7561,254.5348,247.3135,0.014122,2.2641,t,247.1889,2026-05-11 03:09:19.738139
368,1,20251027,264.3761,268.608,264.1465,268.2986,44888200,,0,262.4811,255.0492,261.3578,257.6147,3.7431,2.6006,1.1425,83.0519,271.143,256.6628,242.1826,0.008849,-0.0461,f,268.4883,2026-05-11 03:09:19.738139
369,1,20251028,268.4783,269.3766,267.6399,268.4883,41534800,,0,265.3286,255.8823,263.3831,259.1659,4.2172,3.1534,1.0638,83.3242,273.3671,258.7818,244.1965,0.009044,-0.2944,f,269.1869,2026-05-11 03:09:19.738139
370,1,20251029,268.7677,270.8937,266.6018,269.1869,51086700,,0,267.7525,256.6568,265.0315,260.5955,4.436,3.6042,0.8318,84.5418,274.9394,260.8139,246.6884,0.00846,0.2019,f,270.8837,2026-05-11 03:09:19.738139
371,1,20251030,271.4725,273.6185,267.9692,270.8837,69886500,,0,269.3452,257.8119,266.6937,262.0632,4.6305,3.9647,0.6658,87.4945,274.9336,263.2043,251.475,0.002374,1.1441,f,269.8557,2026-05-11 03:09:19.738139
372,1,20251031,276.4631,276.7924,268.648,269.8557,86167100,,0,269.763,259.4821,267.5917,263.1749,4.4168,4.1471,0.2697,75.8138,274.3805,265.0089,255.6373,0.003087,1.597,f,268.5381,2026-05-11 03:09:19.738139
373,1,20251103,269.9056,270.3347,265.7435,268.5381,50194600,,0,269.6774,260.9054,267.8605,263.94,3.9205,4.1047,-0.1842,61.7472,274.9961,265.6886,256.3811,0.003586,-0.0293,f,269.5263,2026-05-11 03:09:19.738139
374,1,20251104,267.8195,270.9735,267.1109,269.5263,49274800,,0,269.532,262.3872,268.3337,264.737,3.5967,3.9484,-0.3517,67.7264,275.6713,266.4142,257.1571,0.002835,-0.1059,f,269.6261,2026-05-11 03:09:19.738139
375,1,20251105,268.099,271.1831,266.4222,269.6261,43683100,,0,269.3195,263.7712,268.7007,265.4345,3.2662,3.7296,-0.4634,68.3907,274.943,267.581,260.219,0.002497,-0.4584,f,269.2568,2026-05-11 03:09:19.738139
376,1,20251106,267.3804,272.8799,267.3804,269.2568,51204000,,0,269.3366,265.2564,268.8587,265.9798,2.8789,3.4537,-0.5748,62.0939,273.1413,268.598,264.0547,0.001556,-0.0996,f,267.9593,2026-05-11 03:09:19.738139
385,1,20251119,265.2818,271.9555,265.2518,268.3089,40424500,,0,268.2247,270.0394,269.2117,268.8883,0.3234,1.1635,-0.8401,39.3994,275.6695,270.216,264.7625,0.007297,-1.776,f,266.0011,2026-05-11 03:09:19.738139
386,1,20251120,270.5768,275.1725,265.6714,266.0011,45823600,,0,267.1729,269.7138,268.2998,268.4764,-0.1766,0.7162,-0.8928,26.6038,275.9226,269.8905,263.8584,0.003844,0.0039,f,271.2362,2026-05-11 03:09:19.738139
387,1,20251121,265.7014,273.0745,265.4216,271.2362,59030800,,0,268.3261,269.8059,269.1338,268.8701,0.2637,0.5225,-0.2588,62.9467,276.145,270.2182,264.2914,0.008617,2.4311,f,275.6621,2026-05-11 03:09:19.738139
388,1,20251124,270.6468,276.7411,270.6468,275.6621,65585800,,0,270.5868,270.2808,270.988,269.8391,1.1489,0.6866,0.4623,76.2073,277.603,270.8666,264.1302,0.010168,2.2507,f,276.7111,2026-05-11 03:09:19.738139
389,1,20251125,275.0127,280.1179,274.9927,276.7111,46914200,,0,273.3171,270.7598,272.6135,270.8194,1.7941,1.0415,0.7526,78.6216,278.282,271.0384,263.7948,0.00858,-0.344,f,277.2905,2026-05-11 03:09:19.738139
390,1,20251126,276.7011,279.2687,276.3714,277.2905,33431400,,0,275.7948,271.2708,273.9419,271.7426,2.1993,1.4319,0.7674,80.106,279.5845,271.446,263.3075,0.005981,-1.6572,f,278.5893,2026-05-11 03:09:19.738139
391,1,20251128,277.0008,278.7392,275.732,278.5893,20135600,,0,277.2634,271.8929,275.2619,272.7194,2.5425,1.81,0.7325,83.5209,281.2874,272.0354,262.7834,0.002033,-2.0407,f,282.8354,2026-05-11 03:09:19.738139
392,1,20251201,277.7501,283.1551,275.8819,282.8354,46587700,,0,279.1631,272.8847,277.4129,274.1625,3.2504,2.2818,0.9686,90.5679,284.501,273.1035,261.706,0.005618,0.142,f,285.9225,2026-05-11 03:09:19.738139
403,1,20251216,272.565,275.2425,271.5359,274.3533,37648600,,0,275.7463,278.7505,276.2764,276.7753,-0.4989,0.309,-0.8079,27.2101,283.5331,277.9909,272.4487,0.005877,-0.3704,f,271.5859,2026-05-11 03:09:19.738139
404,1,20251217,274.7529,275.9018,271.3861,271.5859,50138700,,0,273.9437,278.4088,274.9442,276.0349,-1.0907,-0.1542,-0.9365,17.1601,281.9568,276.761,271.5652,0.006486,1.4055,f,271.9355,2026-05-11 03:09:19.738139
405,1,20251218,273.3542,273.3742,266.7005,271.9355,51630700,,0,272.8004,278.0518,274.0897,275.4501,-1.3604,-0.5707,-0.7897,22.0051,281.2085,275.9108,270.6131,0.004078,1.3592,f,273.4142,2026-05-11 03:09:19.738139
406,1,20251219,271.8956,274.3433,269.6477,273.4142,144632000,,0,272.6035,277.7068,273.8978,275.1597,-1.2619,-0.8278,-0.4341,41.3287,280.5702,275.4003,270.2304,0.004679,2.8508,f,270.7167,2026-05-11 03:09:19.738139
407,1,20251222,272.6049,273.624,270.2571,270.7167,36571800,,0,271.9598,276.8989,272.9943,274.5258,-1.5315,-1.0637,-0.4678,25.8026,280.3533,274.709,269.0647,0.004604,-0.4357,f,272.1054,2026-05-11 03:09:19.738139
408,1,20251223,270.5868,272.2453,269.308,272.1054,29642000,,0,272.0583,275.9778,272.7418,274.1805,-1.4387,-1.2067,-0.232,40.9955,279.8555,274.2274,268.5993,0.005052,-0.6356,f,273.554,2026-05-11 03:09:19.738139
409,1,20251224,272.0854,275.1725,271.9455,273.554,17910600,,0,272.3095,275.2891,272.9725,274.0911,-1.1186,-1.1988,0.0802,54.0596,278.5343,273.7309,268.9275,0.005032,-0.9128,f,273.1444,2026-05-11 03:09:19.738139
410,1,20251226,273.9037,275.1126,272.6049,273.1444,21521800,,0,272.6178,274.8029,273.0213,273.9561,-0.9348,-1.1177,0.1829,49.9004,277.1985,273.2683,269.3381,0.002752,-0.7562,f,273.5041,2026-05-11 03:09:19.738139
411,1,20251229,272.4351,274.1035,272.0954,273.5041,23715200,,0,273.2158,274.4685,273.1584,273.8916,-0.7332,-0.9943,0.2611,54.0351,275.0761,272.8167,270.5573,0.002181,-0.635,f,272.8247,2026-05-11 03:09:19.738139
420,1,20260112,258.9177,261.0557,256.5599,260.0067,45263800,,0,259.4215,267.918,261.8225,265.5857,-3.7632,-3.3922,-0.371,22.1938,277.5714,265.5835,253.5956,0.002506,0.5458,f,260.8059,2026-05-11 03:09:19.738139
421,1,20260113,258.4781,261.5652,258.1485,260.8059,45730800,,0,259.8112,267.0774,261.5338,264.9038,-3.37,-3.4155,0.0455,34.1084,275.2734,264.3137,253.354,0.001529,0.4384,f,259.717,2026-05-11 03:09:19.738139
422,1,20260114,259.2474,261.5753,256.47,259.717,40019400,,0,260.0267,266.3441,261.0178,264.1638,-3.146,-3.3376,0.1916,26.6936,272.5569,263.0029,253.4489,0.002505,-0.4594,f,257.9686,2026-05-11 03:09:19.738139
423,1,20260115,260.4063,260.796,256.8097,257.9686,39388600,,0,259.57,265.4017,260.1517,263.28,-3.1283,-3.2667,0.1384,18.2244,269.5737,261.6392,253.7047,0.003251,-1.0485,f,255.2911,2026-05-11 03:09:19.738139
424,1,20260116,257.6589,258.658,254.6917,255.2911,72142800,,0,258.1085,264.1841,258.7712,262.1403,-3.3691,-3.29,-0.0791,11.0661,265.9961,260.0926,254.1891,0.004198,2.5942,f,246.4694,2026-05-11 03:09:19.738139
425,1,20260120,252.4937,254.5518,243.1924,246.4694,80267500,,0,254.1679,262.4058,255.2772,259.9047,-4.6275,-3.6873,-0.9402,4.064,266.7035,258.0385,249.3735,0.012687,2.1286,t,247.4185,2026-05-11 03:09:19.738139
426,1,20260121,248.4675,251.3248,244.9508,247.4185,54641700,,0,250.9038,260.6668,253.0451,258.1234,-5.0783,-4.1614,-0.9169,12.0364,266.8879,256.5689,246.2499,0.013388,0.2223,f,248.1178,2026-05-11 03:09:19.738139
427,1,20260122,248.967,250.7654,247.918,248.1178,39708300,,0,248.4718,259.0196,251.6457,256.696,-5.0503,-4.4885,-0.5618,18.6667,266.5662,255.372,244.1778,0.013576,-0.7852,f,247.8081,2026-05-11 03:09:19.738139
438,1,20260206,276.8609,280.6474,276.6711,277.86,50453400,,0,275.5308,260.034,271.6484,266.1646,5.4838,3.8271,1.6567,89.8521,283.2741,265.5405,247.8069,0.009997,-0.7949,f,274.62,2026-05-11 03:09:19.738139
439,1,20260209,277.91,278.2,271.7,274.62,44623400,,0,276.0708,261.3226,272.4924,267.3708,5.1216,4.324,0.7976,66.517,284.4558,267.4854,250.515,0.005771,-1.0187,f,273.68,2026-05-11 03:09:19.738139
440,1,20260210,274.89,275.37,272.94,273.68,34376900,,0,275.4246,263.1366,272.8297,268.2709,4.5588,4.453,0.1058,60.4527,285.0562,269.0506,253.045,0.005841,-1.3755,f,275.5,2026-05-11 03:09:19.738139
441,1,20260211,274.7,280.18,274.45,275.5,51931300,,0,275.0657,265.0087,273.5881,269.3022,4.2859,4.4166,-0.1307,67.9781,284.7094,270.9805,257.2516,0.005504,-0.5561,f,261.73,2026-05-11 03:09:19.738139
442,1,20260212,275.59,275.72,260.18,261.73,81077200,,0,270.92,265.9162,270.2201,268.222,1.9981,3.7098,-1.7117,23.3059,283.7358,271.3497,258.9636,0.01933,0.8932,f,255.78,2026-05-11 03:09:19.738139
443,1,20260213,262.01,262.23,255.45,255.78,56290700,,0,265.6714,266.4477,266.1188,266.447,-0.3282,2.4204,-2.7486,16.9123,284.9039,271.0039,257.1039,0.020148,-0.2234,f,263.88,2026-05-11 03:09:19.738139
444,1,20260217,258.05,266.29,255.54,263.88,58469100,,0,262.6114,267.0283,265.4829,266.0808,-0.5979,1.3523,-1.9502,44.5052,284.9925,270.4162,255.8399,0.02509,-0.0028,f,264.35,2026-05-11 03:09:19.738139
445,1,20260218,263.6,266.82,262.45,264.35,34203300,,0,261.3929,267.4497,265.1612,265.8339,-0.6727,0.6279,-1.3006,45.8933,284.9739,269.9284,254.8829,0.015845,-1.2073,f,260.58,2026-05-11 03:09:19.738139
446,1,20260219,262.6,264.48,260.05,260.58,30845300,,0,261.9143,267.7417,263.86,265.0843,-1.2243,-0.0011,-1.2232,36.2186,283.7294,268.3632,252.997,0.013885,-1.2948,f,264.58,2026-05-11 03:09:19.738139
455,1,20260304,264.65,266.15,261.42,262.52,39803100,,0,263.7371,265.8047,265.2427,266.0783,-0.8356,-0.0223,-0.8133,30.0685,275.8483,266.583,257.3177,0.00237,-0.1542,f,260.29,2026-05-11 03:09:19.738139
456,1,20260305,260.79,261.56,257.25,260.29,49658600,,0,262.5486,264.7907,263.836,265.2526,-1.4166,-0.4846,-0.932,23.1523,275.8998,266.554,257.2082,0.003339,0.5543,f,257.46,2026-05-11 03:09:19.738139
457,1,20260306,258.63,258.77,254.37,257.46,41120000,,0,260.6129,264.506,262.0251,264.1409,-2.1158,-1.0246,-1.0912,16.6728,276.7227,265.842,254.9613,0.004648,-0.2014,f,259.88,2026-05-11 03:09:19.738139
458,1,20260309,255.69,261.15,253.68,259.88,38218500,,0,259.6829,264.7793,261.4158,263.533,-2.1172,-1.42,-0.6972,36.8073,276.6853,265.212,253.7387,0.00664,-0.471,f,260.83,2026-05-11 03:09:19.738139
459,1,20260310,257.65,262.48,256.95,260.83,30590800,,0,259.5186,264.576,261.2494,263.1474,-1.898,-1.6095,-0.2885,43.8928,274.764,264.081,253.398,0.006045,-0.9585,f,260.81,2026-05-11 03:09:19.738139
460,1,20260311,261.09,262.13,259.55,260.81,26218900,,0,260.0714,264.34,261.1246,262.8139,-1.6893,-1.6547,-0.0346,43.7553,270.9658,262.739,254.5122,0.003598,-1.1915,f,255.76,2026-05-11 03:09:19.738139
461,1,20260312,258.66,258.95,254.18,255.76,40794000,,0,259.24,264.0187,259.6009,261.8076,-2.2067,-1.8191,-0.3876,21.3109,266.6632,261.02,255.3768,0.007667,-0.0927,f,250.12,2026-05-11 03:09:19.738139
462,1,20260313,255.48,256.33,249.52,250.12,36930000,,0,256.3157,263.0547,256.9081,260.1402,-3.2321,-2.2586,-0.9735,12.0899,267.9412,259.614,251.2868,0.010127,-0.2328,f,252.82,2026-05-11 03:09:19.738139
473,1,20260330,250.07,250.87,245.51,246.63,39446200,,0,249.8943,252.3687,249.851,252.0716,-2.2206,-2.1769,-0.0437,21.5756,255.254,250.519,245.784,0.006553,-0.2455,f,253.79,2026-05-11 03:09:19.738139
474,1,20260331,247.91,255.48,247.1,253.79,49598100,,0,250.19,251.8993,250.9698,252.3167,-1.3469,-1.9413,0.5944,63.6012,255.0705,250.475,245.8795,0.014012,0.2759,f,255.63,2026-05-11 03:09:19.738139
475,1,20260401,254.08,256.18,253.33,255.63,40059400,,0,251.5571,251.554,252.2934,252.7894,-0.496,-1.4817,0.9857,69.2407,256.5959,251.044,245.4921,0.011993,-0.3523,f,255.92,2026-05-11 03:09:19.738139
476,1,20260402,254.2,256.13,250.65,255.92,31289400,,0,253.9014,251.5647,253.3234,253.236,0.0874,-0.958,1.0454,70.2092,257.82,251.74,245.66,0.010776,-0.8694,f,258.86,2026-05-11 03:09:19.738139
477,1,20260406,256.51,262.16,256.46,258.86,29329900,,0,256.3729,252.1473,254.8959,254.0383,0.8576,-0.358,1.2156,79.094,259.7129,252.827,245.9411,0.004644,-1.3779,f,253.5,2026-05-11 03:09:19.738139
478,1,20260407,256.16,256.2,245.7,253.5,62148000,,0,256.0271,252.1927,254.4995,253.9615,0.538,-0.0123,0.5503,45.8808,259.8605,253.028,246.1955,0.009597,2.0367,f,258.9,2026-05-11 03:09:19.738139
479,1,20260408,258.45,259.75,256.53,258.9,41032800,,0,256.92,252.504,255.7493,254.6661,1.0832,0.3447,0.7385,65.3801,261.381,253.754,246.127,0.012869,-0.0075,f,260.49,2026-05-11 03:09:19.738139
480,1,20260409,259,261.12,256.07,260.49,28121600,,0,257.8057,253.2073,257.0958,255.4969,1.5989,0.7613,0.8376,69.6647,263.1506,254.541,245.9314,0.012341,-1.2823,f,260.48,2026-05-11 03:09:19.738139
481,1,20260410,259.98,262.19,259.02,260.48,31291500,,0,259.0343,253.9753,258.057,256.2078,1.8492,1.1372,0.712,69.5926,264.5414,255.3,246.0586,0.008002,-0.8292,f,259.2,2026-05-11 03:09:19.738139
490,1,20260423,275.05,275.77,271.65,273.43,33399600,,0,271.2271,263.4707,269.7988,265.6852,4.1136,3.6962,0.4174,68.2413,277.8153,266.439,255.0627,0.014871,-1.1016,f,271.06,2026-05-11 03:09:19.738139
491,1,20260424,272.76,273.06,269.65,271.06,38157100,,0,271.6414,264.48,270.157,266.452,3.705,3.7321,-0.0271,56.8648,278.3941,267.497,256.5999,0.010942,-0.712,f,267.61,2026-05-11 03:09:19.738139
492,1,20260427,266.09,268.36,265.07,267.61,41466800,,0,271.0529,265.0633,269.4336,266.6172,2.8164,3.4682,-0.6518,42.9787,277.6541,268.338,259.0219,0.005452,-0.3951,f,270.71,2026-05-11 03:09:19.738139
493,1,20260428,272.34,273.23,268.66,270.71,40018900,,0,270.3129,266.2107,269.7961,267.2011,2.595,3.1722,-0.5772,55.8703,276.2455,269.526,262.8065,0.00772,-0.4721,f,270.17,2026-05-11 03:09:19.738139
494,1,20260429,267.55,271.04,267.04,270.17,30047900,,0,269.72,266.962,269.9023,267.6246,2.2777,2.8749,-0.5972,53.0868,276.2798,269.9,263.5202,0.007056,-1.3553,f,271.35,2026-05-11 03:09:19.738139
495,1,20260430,270.5,276,268.14,271.35,91848200,,0,270.2957,267.686,270.3135,268.1561,2.1574,2.6273,-0.4699,59.0256,275.2924,270.695,266.0976,0.004644,2.5519,f,280.14,2026-05-11 03:09:19.738139
496,1,20260501,278.86,287.22,278.37,280.14,79915400,,0,273.4329,268.9967,273.1044,269.8657,3.2387,2.7743,0.4644,81.8333,279.0665,271.686,264.3055,0.012246,1.564,f,276.83,2026-05-11 03:09:19.738139
497,1,20260504,279.66,280.63,274.86,276.83,46668400,,0,275.2586,270.172,274.1626,270.8593,3.3033,2.9636,0.3397,63.9791,280.0782,272.064,264.0498,0.013657,-0.1436,f,284.18,2026-05-11 03:09:19.738139
498,1,20260505,276.93,284.57,276.5,284.18,49311700,,0,279.0929,271.862,277.0078,272.7596,4.2482,3.3636,0.8846,78.1029,283.752,273.865,263.978,0.01621,-0.0049,f,287.51,2026-05-11 03:09:19.738139
499,1,20260506,281.92,288.03,281.07,287.51,58336100,,0,282.4543,273.2673,279.9907,274.8639,5.1268,3.9414,1.1854,82.2912,288.2329,275.299,262.3651,0.012124,0.3757,f,287.44,2026-05-11 03:09:19.738139
500,1,20260507,289.27,292.13,285.78,287.44,45224300,,0,285.0129,274.87,282.1064,276.658,5.4484,4.4668,0.9816,81.8531,291.5194,276.7,261.8806,0.010294,-0.3625,f,293.32,2026-05-11 03:09:19.738139
